ID,Days,Germinated,Tmax,Tmin,Light
0.01,60,41,20,5,0
0.01,60,47,20,5,0
0.01,60,44,20,5,0
0.02,60,35,20,5,0
0.02,60,41,20,5,0
0.02,60,40,20,5,0
1.01,60,5,20,5,0
1.01,60,4,20,5,0
1.01,60,2,20,5,0
1.02,60,11,20,5,0
1.02,60,9,20,5,0
1.02,60,11,20,5,0
1.03,60,23,20,5,0
1.03,60,17,20,5,0
1.03,60,20,20,5,0
1.04,60,9,20,5,0
1.04,60,8,20,5,0
1.04,60,3,20,5,0
2.01,60,10,20,5,0
2.01,60,12,20,5,0
2.01,60,17,20,5,0
2.02,60,10,20,5,0
2.02,60,8,20,5,0
2.02,60,8,20,5,0
3.02,60,4,20,5,0
3.02,60,5,20,5,0
3.02,60,2,20,5,0
3.03,60,4,20,5,0
3.03,60,3,20,5,0
3.03,60,5,20,5,0
3.04,60,1,20,5,0
3.04,60,0,20,5,0
3.04,60,4,20,5,0
3.05,60,43,20,5,0
3.05,60,33,20,5,0
3.05,60,35,20,5,0
3.06,60,40,20,5,0
3.06,60,27,20,5,0
3.06,60,34,20,5,0
3.08,60,14,20,5,0
3.08,60,20,20,5,0
3.08,60,20,20,5,0
3.09,60,45,20,5,0
3.09,60,46,20,5,0
3.09,60,38,20,5,0
3.1,60,24,20,5,0
3.1,60,22,20,5,0
3.1,60,19,20,5,0
3.11,60,5,20,5,0
3.11,60,6,20,5,0
3.11,60,12,20,5,0
4.03,60,20,20,5,0
4.03,60,17,20,5,0
4.03,60,13,20,5,0
4.06,60,3,20,5,0
4.06,60,0,20,5,0
4.06,60,2,20,5,0
5.01,60,0,20,5,0
5.01,60,0,20,5,0
5.01,60,0,20,5,0
5.05,60,0,20,5,0
5.05,60,1,20,5,0
5.05,60,0,20,5,0
5.06,60,4,20,5,0
5.06,60,2,20,5,0
5.06,60,1,20,5,0
6.01,60,36,20,5,0
6.01,60,31,20,5,0
6.01,60,29,20,5,0
6.02,60,4,20,5,0
6.02,60,2,20,5,0
6.02,60,1,20,5,0
6.03,60,0,20,5,0
6.03,60,0,20,5,0
6.03,60,0,20,5,0
6.05,60,0,20,5,0
6.05,60,0,20,5,0
6.05,60,0,20,5,0
6.06,60,9,20,5,0
6.06,60,10,20,5,0
6.06,60,13,20,5,0
7.01,60,0,20,5,0
7.01,60,0,20,5,0
7.01,60,0,20,5,0
7.02,60,23,20,5,0
7.02,60,24,20,5,0
7.02,60,29,20,5,0
7.04,60,0,20,5,0
7.04,60,1,20,5,0
7.04,60,0,20,5,0
8.02,60,12,20,5,0
8.02,60,11,20,5,0
8.02,60,12,20,5,0
8.04,60,0,20,5,0
8.04,60,0,20,5,0
8.04,60,0,20,5,0
8.06,60,0,20,5,0
8.06,60,0,20,5,0
8.06,60,0,20,5,0
11.01,60,15,20,5,0
11.01,60,11,20,5,0
11.01,60,10,20,5,0
11.02,60,15,20,5,0
11.02,60,8,20,5,0
11.02,60,8,20,5,0
12.01,60,34,20,5,0
12.01,60,39,20,5,0
12.01,60,36,20,5,0
12.02,60,7,20,5,0
12.02,60,4,20,5,0
12.02,60,4,20,5,0
12.03,60,38,20,5,0
12.03,60,34,20,5,0
12.03,60,37,20,5,0
12.04,60,9,20,5,0
12.04,60,13,20,5,0
12.04,60,10,20,5,0
12.05,60,45,20,5,0
12.05,60,48,20,5,0
12.05,60,47,20,5,0
13.03,60,0,20,5,0
13.03,60,0,20,5,0
13.03,60,0,20,5,0
14.01,60,0,20,5,0
14.01,60,2,20,5,0
14.01,60,2,20,5,0
14.02,60,16,20,5,0
14.02,60,18,20,5,0
14.02,60,21,20,5,0
14.03,60,12,20,5,0
14.03,60,20,20,5,0
14.03,60,20,20,5,0
14.04,60,40,20,5,0
14.04,60,38,20,5,0
14.04,60,33,20,5,0
14.05,60,13,20,5,0
14.05,60,5,20,5,0
14.05,60,10,20,5,0
14.06,60,9,20,5,0
14.06,60,6,20,5,0
14.06,60,6,20,5,0
14.07,60,36,20,5,0
14.07,60,41,20,5,0
14.07,60,34,20,5,0
14.08,60,6,20,5,0
14.08,60,3,20,5,0
14.08,60,6,20,5,0
14.09,60,6,20,5,0
14.09,60,3,20,5,0
14.09,60,1,20,5,0
14.1,60,45,20,5,0
14.1,60,45,20,5,0
14.1,60,46,20,5,0
15.01,60,34,20,5,0
15.01,60,35,20,5,0
15.01,60,43,20,5,0
15.02,60,47,20,5,0
15.02,60,49,20,5,0
15.02,60,49,20,5,0
15.03,60,28,20,5,0
15.03,60,43,20,5,0
15.03,60,38,20,5,0
17.01,60,1,20,5,0
17.01,60,1,20,5,0
17.01,60,0,20,5,0
17.02,60,31,20,5,0
17.02,60,31,20,5,0
17.02,60,27,20,5,0
17.03,60,2,20,5,0
17.03,60,6,20,5,0
17.03,60,2,20,5,0
17.04,60,0,20,5,0
17.04,60,0,20,5,0
17.04,60,0,20,5,0
17.05,60,23,20,5,0
17.05,60,17,20,5,0
17.05,60,20,20,5,0
17.06,60,18,20,5,0
17.06,60,21,20,5,0
17.06,60,21,20,5,0
17.07,60,0,20,5,0
17.07,60,0,20,5,0
17.07,60,0,20,5,0
17.08,60,4,20,5,0
17.08,60,3,20,5,0
17.08,60,4,20,5,0
17.09,60,0,20,5,0
17.09,60,2,20,5,0
17.09,60,1,20,5,0
17.1,60,1,20,5,0
17.1,60,3,20,5,0
17.1,60,1,20,5,0
17.11,60,1,20,5,0
17.11,60,0,20,5,0
17.11,60,0,20,5,0
17.12,60,24,20,5,0
17.12,60,22,20,5,0
17.12,60,24,20,5,0
17.13,60,12,20,5,0
17.13,60,14,20,5,0
17.13,60,7,20,5,0
17.14,60,0,20,5,0
17.14,60,0,20,5,0
17.14,60,0,20,5,0
17.15,60,16,20,5,0
17.15,60,20,20,5,0
17.15,60,18,20,5,0
17.17,60,11,20,5,0
17.17,60,7,20,5,0
17.17,60,10,20,5,0
17.18,60,8,20,5,0
17.18,60,8,20,5,0
17.18,60,4,20,5,0
17.19,60,0,20,5,0
17.19,60,0,20,5,0
17.19,60,0,20,5,0
17.2,60,11,20,5,0
17.2,60,10,20,5,0
17.2,60,5,20,5,0
18.01,60,4,20,5,0
18.01,60,3,20,5,0
18.01,60,3,20,5,0
18.02,60,8,20,5,0
18.02,60,14,20,5,0
18.02,60,13,20,5,0
18.03,60,4,20,5,0
18.03,60,7,20,5,0
18.03,60,6,20,5,0
18.04,60,2,20,5,0
18.04,60,1,20,5,0
18.04,60,1,20,5,0
18.06,60,2,20,5,0
18.06,60,3,20,5,0
18.06,60,1,20,5,0
20.01,60,0,20,5,0
20.01,60,0,20,5,0
20.01,60,0,20,5,0
20.03,60,25,20,5,0
20.03,60,28,20,5,0
20.03,60,22,20,5,0
20.04,60,41,20,5,0
20.04,60,48,20,5,0
20.04,60,46,20,5,0
21.02,60,34,20,5,0
21.02,60,16,20,5,0
21.02,60,27,20,5,0
22.01,60,8,20,5,0
22.01,60,11,20,5,0
22.01,60,14,20,5,0
24.01,60,2,20,5,0
24.01,60,2,20,5,0
24.01,60,3,20,5,0
24.02,60,1,20,5,0
24.02,60,3,20,5,0
24.02,60,0,20,5,0
24.03,60,6,20,5,0
24.03,60,7,20,5,0
24.03,60,1,20,5,0
24.04,60,6,20,5,0
24.04,60,12,20,5,0
24.04,60,12,20,5,0
24.05,60,0,20,5,0
24.05,60,2,20,5,0
24.05,60,1,20,5,0
24.06,60,1,20,5,0
24.06,60,0,20,5,0
24.06,60,2,20,5,0
24.07,60,0,20,5,0
24.07,60,1,20,5,0
24.07,60,3,20,5,0
24.18,60,0,20,5,0
24.18,60,0,20,5,0
24.18,60,0,20,5,0
25.01,60,0,20,5,0
25.01,60,0,20,5,0
25.01,60,0,20,5,0
25.02,60,32,20,5,0
25.02,60,27,20,5,0
25.02,60,32,20,5,0
25.03,60,2,20,5,0
25.03,60,0,20,5,0
25.03,60,0,20,5,0
25.05,60,0,20,5,0
25.05,60,0,20,5,0
25.05,60,0,20,5,0
25.07,60,25,20,5,0
25.07,60,10,20,5,0
25.07,60,16,20,5,0
25.08,60,0,20,5,0
25.08,60,0,20,5,0
25.08,60,0,20,5,0
25.09,60,0,20,5,0
25.09,60,0,20,5,0
25.09,60,0,20,5,0
25.1,60,0,20,5,0
25.1,60,0,20,5,0
25.1,60,0,20,5,0
25.11,60,0,20,5,0
25.11,60,0,20,5,0
25.11,60,0,20,5,0
25.12,60,7,20,5,0
25.12,60,5,20,5,0
25.12,60,4,20,5,0
25.13,60,0,20,5,0
25.13,60,2,20,5,0
25.13,60,0,20,5,0
25.14,60,0,20,5,0
25.14,60,0,20,5,0
25.14,60,0,20,5,0
25.15,60,0,20,5,0
25.15,60,0,20,5,0
25.15,60,0,20,5,0
26.04,60,3,20,5,0
26.04,60,3,20,5,0
26.04,60,1,20,5,0
26.05,60,10,20,5,0
26.05,60,6,20,5,0
26.05,60,3,20,5,0
27.01(?46?),60,16,20,5,0
27.01,60,20,20,5,0
27.01,60,8,20,5,0
27.02,60,14,20,5,0
27.02,60,22,20,5,0
27.02,60,11,20,5,0
27.03,60,39,20,5,0
27.03,60,36,20,5,0
27.03,60,44,20,5,0
27.04,60,47,20,5,0
27.04,60,49,20,5,0
27.04,60,43,20,5,0
27.05,60,45,20,5,0
27.05,60,61,20,5,0
27.05,60,59,20,5,0
27.06,60,41,20,5,0
27.06,60,47,20,5,0
27.06,60,49,20,5,0
27.08,60,41,20,5,0
27.08,60,58,20,5,0
27.08,60,56,20,5,0
27.09,60,51,20,5,0
27.09,60,49,20,5,0
27.09,60,49,20,5,0
27.1,60,43,20,5,0
27.1,60,35,20,5,0
27.1,60,34,20,5,0
27.11,60,53,20,5,0
27.11,60,60,20,5,0
27.11,60,50,20,5,0
27.12,60,0,20,5,0
27.12,60,1,20,5,0
27.12,60,1,20,5,0
27.13,60,32,20,5,0
27.13,60,44,20,5,0
27.13,60,48,20,5,0
27.14,60,31,20,5,0
27.14,60,35,20,5,0
27.14,60,42,20,5,0
27.15,60,10,20,5,0
27.15,60,12,20,5,0
27.15,60,17,20,5,0
27.16,60,41,20,5,0
27.16,60,31,20,5,0
27.16,60,32,20,5,0
27.17,60,0,20,5,0
27.17,60,1,20,5,0
27.17,60,0,20,5,0
27.18,60,38,20,5,0
27.18,60,29,20,5,0
27.18,60,30,20,5,0
27.19,60,36,20,5,0
27.19,60,31,20,5,0
27.19,60,29,20,5,0
27.2,60,0,20,5,0
27.2,60,0,20,5,0
27.2,60,0,20,5,0
27.22,60,39,20,5,0
27.22,60,45,20,5,0
27.22,60,40,20,5,0
29.01,60,0,20,5,0
29.01,60,0,20,5,0
29.01,60,0,20,5,0
29.02,60,57,20,5,0
29.02,60,54,20,5,0
29.02,60,61,20,5,0
29.03,60,1,20,5,0
29.03,60,0,20,5,0
29.03,60,0,20,5,0
29.04,60,4,20,5,0
29.04,60,2,20,5,0
29.04,60,2,20,5,0
29.05,60,3,20,5,0
29.05,60,4,20,5,0
29.05,60,2,20,5,0
29.06,60,36,20,5,0
29.06,60,30,20,5,0
29.06,60,35,20,5,0
29.07,60,0,20,5,0
29.07,60,0,20,5,0
29.07,60,0,20,5,0
29.08,60,5,20,5,0
29.08,60,2,20,5,0
29.08,60,1,20,5,0
29.09,60,31,20,5,0
29.09,60,18,20,5,0
29.09,60,22,20,5,0
29.1,60,9,20,5,0
29.1,60,5,20,5,0
29.1,60,6,20,5,0
29.11,60,15,20,5,0
29.11,60,12,20,5,0
29.11,60,18,20,5,0
29.12,60,37,20,5,0
29.12,60,38,20,5,0
29.12,60,41,20,5,0
29.13,60,1,20,5,0
29.13,60,2,20,5,0
29.13,60,2,20,5,0
29.14,60,12,20,5,0
29.14,60,19,20,5,0
29.14,60,15,20,5,0
29.15,60,40,20,5,0
29.15,60,32,20,5,0
29.15,60,36,20,5,0
29.16,60,13,20,5,0
29.16,60,17,20,5,0
29.16,60,9,20,5,0
29.17,60,0,20,5,0
29.17,60,1,20,5,0
29.17,60,2,20,5,0
29.18,60,0,20,5,0
29.18,60,1,20,5,0
29.18,60,0,20,5,0
29.19,60,29,20,5,0
29.19,60,39,20,5,0
29.19,60,34,20,5,0
29.2,60,5,20,5,0
29.2,60,4,20,5,0
29.2,60,6,20,5,0
29.21,60,37,20,5,0
29.21,60,38,20,5,0
29.21,60,31,20,5,0
29.22,60,1,20,5,0
29.22,60,4,20,5,0
29.22,60,6,20,5,0
29.23,60,0,20,5,0
29.23,60,0,20,5,0
29.23,60,0,20,5,0
29.24,60,1,20,5,0
29.24,60,0,20,5,0
29.24,60,1,20,5,0
29.25,60,18,20,5,0
29.25,60,19,20,5,0
29.25,60,19,20,5,0
29.26,60,0,20,5,0
29.26,60,0,20,5,0
29.26,60,0,20,5,0
29.27,60,0,20,5,0
29.27,60,0,20,5,0
29.27,60,0,20,5,0
29.28,60,2,20,5,0
29.28,60,0,20,5,0
29.28,60,1,20,5,0
29.29,60,0,20,5,0
29.29,60,1,20,5,0
29.29,60,1,20,5,0
29.31,60,9,20,5,0
29.31,60,8,20,5,0
29.31,60,9,20,5,0
29.32,60,1,20,5,0
29.32,60,2,20,5,0
29.32,60,0,20,5,0
29.33,60,0,20,5,0
29.33,60,2,20,5,0
29.33,60,2,20,5,0
29.34,60,0,20,5,0
29.34,60,2,20,5,0
29.34,60,0,20,5,0
31.01,60,6,20,5,0
31.01,60,17,20,5,0
31.01,60,4,20,5,0
31.02,60,8,20,5,0
31.02,60,10,20,5,0
31.02,60,18,20,5,0
31.04,60,0,20,5,0
31.04,60,0,20,5,0
31.04,60,0,20,5,0
31.05,60,25,20,5,0
31.05,60,22,20,5,0
31.05,60,31,20,5,0
31.06,60,0,20,5,0
31.06,60,0,20,5,0
31.06,60,0,20,5,0
37.01,60,14,20,5,0
37.01,60,13,20,5,0
37.01,60,13,20,5,0
37.02,60,11,20,5,0
37.02,60,8,20,5,0
37.02,60,11,20,5,0
38.01,60,19,20,5,0
38.01,60,10,20,5,0
38.01,60,10,20,5,0
38.02,60,0,20,5,0
38.02,60,0,20,5,0
38.02,60,0,20,5,0
38.03,60,8,20,5,0
38.03,60,6,20,5,0
38.03,60,15,20,5,0
44.01,60,0,20,5,0
44.01,60,0,20,5,0
44.01,60,0,20,5,0
46.01,60,9,20,5,0
46.01,60,4,20,5,0
46.01,60,7,20,5,0
19.09,60,2,20,5,0
19.09,60,1,20,5,0
19.09,60,2,20,5,0
31.03,60,0,20,5,0
31.03,60,3,20,5,0
31.03,60,0,20,5,0
1.05,60,38,20,5,0
1.05,60,40,20,5,0
1.05,60,45,20,5,0
1.07,60,0,20,5,0
1.07,60,0,20,5,0
1.07,60,0,20,5,0
1.09,60,8,20,5,0
1.09,60,11,20,5,0
1.09,60,16,20,5,0
1.1,60,39,20,5,0
1.1,60,35,20,5,0
1.1,60,30,20,5,0
1.12,60,16,20,5,0
1.12,60,18,20,5,0
1.12,60,16,20,5,0
1.13,60,1,20,5,0
1.13,60,3,20,5,0
1.13,60,0,20,5,0
3.14,60,14,20,5,0
3.14,60,18,20,5,0
3.14,60,17,20,5,0
3.15,60,31,20,5,0
3.15,60,31,20,5,0
3.15,60,26,20,5,0
6.07,60,19,20,5,0
6.07,60,26,20,5,0
6.07,60,16,20,5,0
6.08,60,13,20,5,0
6.08,60,16,20,5,0
6.08,60,11,20,5,0
6.09,60,18,20,5,0
6.09,60,19,20,5,0
6.09,60,15,20,5,0
6.1,60,32,20,5,0
6.1,60,29,20,5,0
6.1,60,31,20,5,0
6.11,60,25,20,5,0
6.11,60,25,20,5,0
6.11,60,31,20,5,0
6.12,60,12,20,5,0
6.12,60,6,20,5,0
6.12,60,10,20,5,0
6.14,60,44,20,5,0
6.14,60,33,20,5,0
6.14,60,34,20,5,0
6.15,60,0,20,5,0
6.15,60,0,20,5,0
6.15,60,1,20,5,0
6.16,60,1,20,5,0
6.16,60,0,20,5,0
6.16,60,2,20,5,0
6.19,60,8,20,5,0
6.19,60,8,20,5,0
6.19,60,8,20,5,0
6.2,60,22,20,5,0
6.2,60,22,20,5,0
6.2,60,24,20,5,0
6.21,60,47,20,5,0
6.21,60,49,20,5,0
6.21,60,46,20,5,0
6.22,60,0,20,5,0
6.22,60,0,20,5,0
6.22,60,0,20,5,0
6.24,60,42,20,5,0
6.24,60,39,20,5,0
6.24,60,36,20,5,0
11.03,60,1,20,5,0
11.03,60,2,20,5,0
11.03,60,2,20,5,0
15.05,60,48,20,5,0
15.05,60,49,20,5,0
15.05,60,43,20,5,0
15.07,60,0,20,5,0
15.07,60,1,20,5,0
15.07,60,0,20,5,0
15.08,60,1,20,5,0
15.08,60,7,20,5,0
15.08,60,7,20,5,0
17.22,60,2,20,5,0
17.22,60,2,20,5,0
17.22,60,2,20,5,0
17.23,60,0,20,5,0
17.23,60,0,20,5,0
17.23,60,0,20,5,0
17.24,60,42,20,5,0
17.24,60,42,20,5,0
17.24,60,41,20,5,0
17.25,60,7,20,5,0
17.25,60,10,20,5,0
17.25,60,7,20,5,0
17.26,60,0,20,5,0
17.26,60,1,20,5,0
17.26,60,0,20,5,0
17.27,60,0,20,5,0
17.27,60,0,20,5,0
17.27,60,0,20,5,0
17.28,60,3,20,5,0
17.28,60,3,20,5,0
17.28,60,5,20,5,0
19.55,60,7,20,5,0
19.55,60,11,20,5,0
19.55,60,13,20,5,0
19.56,60,0,20,5,0
19.56,60,0,20,5,0
19.56,60,0,20,5,0
19.57,60,0,20,5,0
19.57,60,0,20,5,0
19.57,60,0,20,5,0
20.05,60,3,20,5,0
20.05,60,3,20,5,0
20.05,60,7,20,5,0
21.03,60,46,20,5,0
21.03,60,39,20,5,0
21.03,60,38,20,5,0
21.04,60,38,20,5,0
21.04,60,33,20,5,0
21.04,60,31,20,5,0
21.05,60,6,20,5,0
21.05,60,9,20,5,0
21.05,60,6,20,5,0
21.06,60,2,20,5,0
21.06,60,2,20,5,0
21.06,60,1,20,5,0
21.07,60,3,20,5,0
21.07,60,1,20,5,0
21.07,60,4,20,5,0
21.08,60,3,20,5,0
21.08,60,1,20,5,0
21.08,60,2,20,5,0
25.18,60,3,20,5,0
25.18,60,6,20,5,0
25.18,60,2,20,5,0
25.19,60,0,20,5,0
25.19,60,0,20,5,0
25.19,60,2,20,5,0
25.21,60,0,20,5,0
25.21,60,1,20,5,0
25.21,60,0,20,5,0
27.23,60,20,20,5,0
27.23,60,18,20,5,0
27.23,60,12,20,5,0
27.24,60,1,20,5,0
27.24,60,1,20,5,0
27.24,60,0,20,5,0
27.25,60,14,20,5,0
27.25,60,8,20,5,0
27.25,60,13,20,5,0
27.26,60,20,20,5,0
27.26,60,9,20,5,0
27.26,60,15,20,5,0
27.27,60,23,20,5,0
27.27,60,24,20,5,0
27.27,60,19,20,5,0
39.01,60,50,20,5,0
39.01,60,48,20,5,0
39.01,60,50,20,5,0
39.03,60,33,20,5,0
39.03,60,33,20,5,0
39.03,60,33,20,5,0
39.04,60,37,20,5,0
39.04,60,53,20,5,0
39.04,60,39,20,5,0
51.13,60,1,20,5,0
51.13,60,2,20,5,0
51.13,60,3,20,5,0
51.14,60,4,20,5,0
51.14,60,10,20,5,0
51.14,60,10,20,5,0
51.16,60,0,20,5,0
51.16,60,0,20,5,0
51.16,60,0,20,5,0
51.28,60,0,20,5,0
51.28,60,0,20,5,0
51.28,60,0,20,5,0
51.34,60,39,20,5,0
51.34,60,34,20,5,0
51.34,60,39,20,5,0
9.59,60,1,20,5,0
9.59,60,0,20,5,0
9.59,60,0,20,5,0
9.58,60,7,20,5,0
9.58,60,8,20,5,0
9.58,60,12,20,5,0
51.31,60,1,20,5,0
51.31,60,1,20,5,0
51.31,60,0,20,5,0
19.05,60,30,20,5,0
19.05,60,32,20,5,0
19.05,60,29,20,5,0
1.08,60,43,20,5,0
1.08,60,44,20,5,0
1.08,60,41,20,5,0
1.14,60,38,20,5,0
1.14,60,37,20,5,0
1.14,60,41,20,5,0
1.15,60,47,20,5,0
1.15,60,44,20,5,0
1.15,60,44,20,5,0
2.04,60,31,20,5,0
2.04,60,29,20,5,0
2.04,60,20,20,5,0
3.16,60,52,20,5,0
3.16,60,45,20,5,0
3.16,60,44,20,5,0
4.01,60,0,20,5,0
4.01,60,0,20,5,0
4.01,60,2,20,5,0
4.02,60,11,20,5,0
4.02,60,10,20,5,0
4.02,60,12,20,5,0
4.04,60,0,20,5,0
4.04,60,1,20,5,0
4.04,60,3,20,5,0
4.05,60,0,20,5,0
4.05,60,0,20,5,0
4.05,60,0,20,5,0
4.07,60,20,20,5,0
4.07,60,14,20,5,0
4.07,60,3,20,5,0
6.13,60,0,20,5,0
6.13,60,0,20,5,0
6.13,60,0,20,5,0
6.18,60,0,20,5,0
6.18,60,0,20,5,0
6.18,60,0,20,5,0
6.23,60,0,20,5,0
6.23,60,0,20,5,0
6.23,60,0,20,5,0
6.25,60,0,20,5,0
6.25,60,0,20,5,0
6.25,60,0,20,5,0
6.26,60,9,20,5,0
6.26,60,8,20,5,0
6.26,60,17,20,5,0
8.01,60,8,20,5,0
8.01,60,8,20,5,0
8.01,60,10,20,5,0
8.05,60,1,20,5,0
8.05,60,0,20,5,0
8.05,60,0,20,5,0
8.06,60,0,20,5,0
8.06,60,0,20,5,0
8.06,60,0,20,5,0
8.07,60,17,20,5,0
8.07,60,4,20,5,0
8.07,60,10,20,5,0
8.08,60,0,20,5,0
8.08,60,1,20,5,0
8.08,60,1,20,5,0
9.01,60,8,20,5,0
9.01,60,7,20,5,0
9.01,60,5,20,5,0
9.02,60,47,20,5,0
9.02,60,51,20,5,0
9.02,60,48,20,5,0
9.03,60,11,20,5,0
9.03,60,19,20,5,0
9.03,60,19,20,5,0
9.04,60,4,20,5,0
9.04,60,3,20,5,0
9.04,60,1,20,5,0
9.05,60,3,20,5,0
9.05,60,5,20,5,0
9.05,60,7,20,5,0
9.06,60,3,20,5,0
9.06,60,3,20,5,0
9.06,60,4,20,5,0
9.09,60,19,20,5,0
9.09,60,16,20,5,0
9.09,60,13,20,5,0
9.11,60,5,20,5,0
9.11,60,4,20,5,0
9.11,60,1,20,5,0
9.12,60,9,20,5,0
9.12,60,4,20,5,0
9.12,60,5,20,5,0
9.13,60,6,20,5,0
9.13,60,10,20,5,0
9.13,60,1,20,5,0
9.15,60,0,20,5,0
9.15,60,0,20,5,0
9.15,60,0,20,5,0
9.17,60,3,20,5,0
9.17,60,3,20,5,0
9.17,60,4,20,5,0
9.18,60,3,20,5,0
9.18,60,1,20,5,0
9.18,60,3,20,5,0
9.2,60,2,20,5,0
9.2,60,0,20,5,0
9.2,60,2,20,5,0
9.22,60,17,20,5,0
9.22,60,20,20,5,0
9.22,60,6,20,5,0
9.23,60,7,20,5,0
9.23,60,10,20,5,0
9.23,60,8,20,5,0
9.24,60,7,20,5,0
9.24,60,10,20,5,0
9.24,60,7,20,5,0
9.25,60,22,20,5,0
9.25,60,20,20,5,0
9.25,60,19,20,5,0
9.27,60,2,20,5,0
9.27,60,4,20,5,0
9.27,60,3,20,5,0
9.28,60,4,20,5,0
9.28,60,1,20,5,0
9.28,60,3,20,5,0
9.29,60,0,20,5,0
9.29,60,1,20,5,0
9.29,60,1,20,5,0
9.3,60,1,20,5,0
9.3,60,3,20,5,0
9.3,60,0,20,5,0
9.31,60,18,20,5,0
9.31,60,26,20,5,0
9.31,60,22,20,5,0
9.32,60,34,20,5,0
9.32,60,35,20,5,0
9.32,60,26,20,5,0
9.33,60,14,20,5,0
9.33,60,15,20,5,0
9.33,60,16,20,5,0
9.35,60,6,20,5,0
9.35,60,8,20,5,0
9.35,60,8,20,5,0
9.36,60,5,20,5,0
9.36,60,7,20,5,0
9.36,60,6,20,5,0
9.37,60,6,20,5,0
9.37,60,4,20,5,0
9.37,60,6,20,5,0
9.4,60,7,20,5,0
9.4,60,12,20,5,0
9.4,60,12,20,5,0
9.43,60,5,20,5,0
9.43,60,8,20,5,0
9.43,60,2,20,5,0
9.46,60,3,20,5,0
9.46,60,2,20,5,0
9.46,60,2,20,5,0
9.47,60,0,20,5,0
9.47,60,1,20,5,0
9.47,60,2,20,5,0
9.48,60,31,20,5,0
9.48,60,22,20,5,0
9.48,60,25,20,5,0
9.49,60,16,20,5,0
9.49,60,11,20,5,0
9.49,60,20,20,5,0
9.51,60,7,20,5,0
9.51,60,11,20,5,0
9.51,60,7,20,5,0
9.52,60,6,20,5,0
9.52,60,5,20,5,0
9.52,60,5,20,5,0
9.53,60,19,20,5,0
9.53,60,21,20,5,0
9.53,60,22,20,5,0
9.55,60,21,20,5,0
9.55,60,21,20,5,0
9.55,60,29,20,5,0
9.56,60,4,20,5,0
9.56,60,2,20,5,0
9.56,60,6,20,5,0
9.58,60,28,20,5,0
9.58,60,29,20,5,0
9.58,60,29,20,5,0
9.59,60,15,20,5,0
9.59,60,20,20,5,0
9.59,60,13,20,5,0
9.6,60,2,20,5,0
9.6,60,1,20,5,0
9.6,60,2,20,5,0
9.61,60,1,20,5,0
9.61,60,2,20,5,0
9.61,60,0,20,5,0
9.64,60,5,20,5,0
9.64,60,7,20,5,0
9.64,60,4,20,5,0
9.65,60,8,20,5,0
9.65,60,6,20,5,0
9.65,60,4,20,5,0
9.66,60,7,20,5,0
9.66,60,8,20,5,0
9.66,60,8,20,5,0
9.67,60,21,20,5,0
9.67,60,22,20,5,0
9.67,60,23,20,5,0
9.68,60,8,20,5,0
9.68,60,4,20,5,0
9.68,60,10,20,5,0
9.69,60,4,20,5,0
9.69,60,2,20,5,0
9.69,60,7,20,5,0
10.01,60,48,20,5,0
10.01,60,46,20,5,0
10.01,60,37,20,5,0
10.02,60,39,20,5,0
10.02,60,39,20,5,0
10.02,60,36,20,5,0
10.03,60,43,20,5,0
10.03,60,49,20,5,0
10.03,60,42,20,5,0
10.04,60,43,20,5,0
10.04,60,42,20,5,0
10.04,60,58,20,5,0
10.05,60,51,20,5,0
10.05,60,51,20,5,0
10.05,60,48,20,5,0
10.06,60,42,20,5,0
10.06,60,43,20,5,0
10.06,60,45,20,5,0
10.07,60,45,20,5,0
10.07,60,40,20,5,0
10.07,60,49,20,5,0
10.08,60,0,20,5,0
10.08,60,0,20,5,0
10.08,60,0,20,5,0
10.09,60,46,20,5,0
10.09,60,37,20,5,0
10.09,60,38,20,5,0
10.1,60,41,20,5,0
10.1,60,44,20,5,0
10.1,60,47,20,5,0
10.11,60,45,20,5,0
10.11,60,42,20,5,0
10.11,60,38,20,5,0
10.12,60,84,20,5,0
10.12,60,86,20,5,0
10.12,60,82,20,5,0
10.13,60,41,20,5,0
10.13,60,41,20,5,0
10.13,60,33,20,5,0
10.14,60,38,20,5,0
10.14,60,44,20,5,0
10.14,60,26,20,5,0
10.15,60,47,20,5,0
10.15,60,48,20,5,0
10.15,60,34,20,5,0
10.16,60,9,20,5,0
10.16,60,6,20,5,0
10.16,60,7,20,5,0
10.17,60,43,20,5,0
10.17,60,46,20,5,0
10.17,60,46,20,5,0
10.19,60,0,20,5,0
10.19,60,1,20,5,0
10.19,60,0,20,5,0
10.2,60,48,20,5,0
10.2,60,47,20,5,0
10.2,60,47,20,5,0
10.21,60,54,20,5,0
10.21,60,45,20,5,0
10.21,60,35,20,5,0
10.22,60,8,20,5,0
10.22,60,11,20,5,0
10.22,60,4,20,5,0
10.23,60,47,20,5,0
10.23,60,47,20,5,0
10.23,60,47,20,5,0
10.24,60,0,20,5,0
10.24,60,0,20,5,0
10.24,60,0,20,5,0
10.25,60,46,20,5,0
10.25,60,34,20,5,0
10.25,60,35,20,5,0
10.26,60,2,20,5,0
10.26,60,4,20,5,0
10.26,60,0,20,5,0
10.27,60,31,20,5,0
10.27,60,23,20,5,0
10.27,60,26,20,5,0
10.28,60,31,20,5,0
10.28,60,36,20,5,0
10.28,60,33,20,5,0
10.29,60,7,20,5,0
10.29,60,2,20,5,0
10.29,60,11,20,5,0
10.3,60,50,20,5,0
10.3,60,47,20,5,0
10.3,60,49,20,5,0
10.31,60,49,20,5,0
10.31,60,50,20,5,0
10.31,60,51,20,5,0
10.32,60,15,20,5,0
10.32,60,28,20,5,0
10.32,60,22,20,5,0
10.33,60,45,20,5,0
10.33,60,43,20,5,0
10.33,60,47,20,5,0
10.34,60,13,20,5,0
10.34,60,14,20,5,0
10.34,60,11,20,5,0
10.35,60,38,20,5,0
10.35,60,37,20,5,0
10.35,60,36,20,5,0
10.36,60,46,20,5,0
10.36,60,59,20,5,0
10.36,60,46,20,5,0
10.37,60,47,20,5,0
10.37,60,45,20,5,0
10.37,60,44,20,5,0
10.38,60,45,20,5,0
10.38,60,47,20,5,0
10.38,60,46,20,5,0
10.39,60,44,20,5,0
10.39,60,38,20,5,0
10.39,60,44,20,5,0
10.4,60,23,20,5,0
10.4,60,16,20,5,0
10.4,60,29,20,5,0
10.41,60,38,20,5,0
10.41,60,34,20,5,0
10.41,60,38,20,5,0
10.42,60,54,20,5,0
10.42,60,43,20,5,0
10.42,60,38,20,5,0
10.43,60,34,20,5,0
10.43,60,47,20,5,0
10.43,60,31,20,5,0
10.44,60,58,20,5,0
10.44,60,56,20,5,0
10.44,60,54,20,5,0
10.45,60,50,20,5,0
10.45,60,50,20,5,0
10.45,60,50,20,5,0
10.46,60,25,20,5,0
10.46,60,22,20,5,0
10.46,60,19,20,5,0
10.47,60,45,20,5,0
10.47,60,49,20,5,0
10.47,60,40,20,5,0
10.48,60,47,20,5,0
10.48,60,49,20,5,0
10.48,60,46,20,5,0
10.49,60,38,20,5,0
10.49,60,33,20,5,0
10.49,60,43,20,5,0
10.5,60,37,20,5,0
10.5,60,48,20,5,0
10.5,60,48,20,5,0
10.51,60,30,20,5,0
10.51,60,43,20,5,0
10.51,60,33,20,5,0
10.52,60,51,20,5,0
10.52,60,46,20,5,0
10.52,60,50,20,5,0
10.53,60,53,20,5,0
10.53,60,51,20,5,0
10.53,60,55,20,5,0
10.54,60,0,20,5,0
10.54,60,3,20,5,0
10.54,60,2,20,5,0
10.55,60,34,20,5,0
10.55,60,35,20,5,0
10.55,60,32,20,5,0
10.56,60,13,20,5,0
10.56,60,2,20,5,0
10.56,60,8,20,5,0
10.57,60,46,20,5,0
10.57,60,56,20,5,0
10.57,60,50,20,5,0
10.58,60,26,20,5,0
10.58,60,23,20,5,0
10.58,60,25,20,5,0
10.59,60,47,20,5,0
10.59,60,48,20,5,0
10.59,60,48,20,5,0
10.6,60,47,20,5,0
10.6,60,47,20,5,0
10.6,60,47,20,5,0
10.61,60,45,20,5,0
10.61,60,50,20,5,0
10.61,60,46,20,5,0
10.62,60,30,20,5,0
10.62,60,37,20,5,0
10.62,60,20,20,5,0
10.65,60,22,20,5,0
10.65,60,23,20,5,0
10.65,60,18,20,5,0
11.04,60,2,20,5,0
11.04,60,2,20,5,0
11.04,60,1,20,5,0
11.05,60,0,20,5,0
11.05,60,1,20,5,0
11.05,60,0,20,5,0
11.06,60,1,20,5,0
11.06,60,0,20,5,0
11.06,60,0,20,5,0
11.07,60,4,20,5,0
11.07,60,1,20,5,0
11.07,60,4,20,5,0
11.08,60,4,20,5,0
11.08,60,1,20,5,0
11.08,60,8,20,5,0
11.09,60,2,20,5,0
11.09,60,0,20,5,0
11.09,60,0,20,5,0
11.1,60,39,20,5,0
11.1,60,34,20,5,0
11.1,60,33,20,5,0
12.06,60,1,20,5,0
12.06,60,2,20,5,0
12.06,60,2,20,5,0
13.01,60,23,20,5,0
13.01,60,20,20,5,0
13.01,60,25,20,5,0
13.02,60,12,20,5,0
13.02,60,11,20,5,0
13.02,60,8,20,5,0
13.03,60,21,20,5,0
13.03,60,13,20,5,0
13.03,60,18,20,5,0
13.06,60,33,20,5,0
13.06,60,27,20,5,0
13.06,60,29,20,5,0
13.07,60,19,20,5,0
13.07,60,31,20,5,0
13.07,60,28,20,5,0
13.08,60,23,20,5,0
13.08,60,38,20,5,0
13.08,60,28,20,5,0
13.09,60,1,20,5,0
13.09,60,0,20,5,0
13.09,60,0,20,5,0
13.1,60,38,20,5,0
13.1,60,46,20,5,0
13.1,60,44,20,5,0
13.11,60,19,20,5,0
13.11,60,16,20,5,0
13.11,60,12,20,5,0
13.12,60,73,20,5,0
13.12,60,88,20,5,0
13.12,60,60,20,5,0
13.13,60,46,20,5,0
13.13,60,41,20,5,0
13.13,60,46,20,5,0
13.15,60,1,20,5,0
13.15,60,1,20,5,0
13.15,60,2,20,5,0
13.14,60,3,20,5,0
13.14,60,3,20,5,0
13.14,60,2,20,5,0
13.16,60,29,20,5,0
13.16,60,30,20,5,0
13.16,60,20,20,5,0
13.17,60,49,20,5,0
13.17,60,45,20,5,0
13.17,60,40,20,5,0
13.18,60,0,20,5,0
13.18,60,0,20,5,0
13.18,60,0,20,5,0
13.19,60,30,20,5,0
13.19,60,20,20,5,0
13.19,60,31,20,5,0
13.2,60,15,20,5,0
13.2,60,16,20,5,0
13.2,60,15,20,5,0
13.21,60,48,20,5,0
13.21,60,50,20,5,0
13.21,60,40,20,5,0
13.23,60,36,20,5,0
13.23,60,30,20,5,0
13.23,60,22,20,5,0
13.24,60,31,20,5,0
13.24,60,40,20,5,0
13.24,60,31,20,5,0
13.25,60,41,20,5,0
13.25,60,48,20,5,0
13.25,60,50,20,5,0
13.27,60,50,20,5,0
13.27,60,49,20,5,0
13.27,60,50,20,5,0
13.28,60,0,20,5,0
13.28,60,0,20,5,0
13.28,60,0,20,5,0
13.29,60,0,20,5,0
13.29,60,0,20,5,0
13.29,60,0,20,5,0
13.31,60,75,20,5,0
13.31,60,74,20,5,0
13.31,60,74,20,5,0
13.32,60,9,20,5,0
13.32,60,20,20,5,0
13.32,60,17,20,5,0
13.33,60,0,20,5,0
13.33,60,0,20,5,0
13.33,60,0,20,5,0
13.34,60,6,20,5,0
13.34,60,8,20,5,0
13.34,60,6,20,5,0
13.35,60,36,20,5,0
13.35,60,45,20,5,0
13.35,60,43,20,5,0
13.36,60,46,20,5,0
13.36,60,49,20,5,0
13.36,60,45,20,5,0
13.37,60,24,20,5,0
13.37,60,28,20,5,0
13.37,60,23,20,5,0
13.38,60,37,20,5,0
13.38,60,38,20,5,0
13.38,60,39,20,5,0
13.39,60,50,20,5,0
13.39,60,49,20,5,0
13.39,60,53,20,5,0
13.41,60,31,20,5,0
13.41,60,34,20,5,0
13.41,60,34,20,5,0
13.43,60,43,20,5,0
13.43,60,40,20,5,0
13.43,60,39,20,5,0
13.44,60,42,20,5,0
13.44,60,35,20,5,0
13.44,60,38,20,5,0
13.45,60,6,20,5,0
13.45,60,4,20,5,0
13.45,60,3,20,5,0
13.46,60,0,20,5,0
13.46,60,0,20,5,0
13.46,60,0,20,5,0
13.47,60,0,20,5,0
13.47,60,0,20,5,0
13.47,60,0,20,5,0
13.48,60,45,20,5,0
13.48,60,48,20,5,0
13.48,60,51,20,5,0
13.49,60,41,20,5,0
13.49,60,48,20,5,0
13.49,60,73,20,5,0
13.5,60,5,20,5,0
13.5,60,3,20,5,0
13.5,60,6,20,5,0
13.51,60,0,20,5,0
13.51,60,0,20,5,0
13.51,60,0,20,5,0
13.52,60,20,20,5,0
13.52,60,32,20,5,0
13.52,60,24,20,5,0
13.53,60,40,20,5,0
13.53,60,40,20,5,0
13.53,60,34,20,5,0
13.54,60,46,20,5,0
13.54,60,40,20,5,0
13.54,60,38,20,5,0
13.55,60,7,20,5,0
13.55,60,12,20,5,0
13.55,60,7,20,5,0
13.56,60,10,20,5,0
13.56,60,16,20,5,0
13.56,60,9,20,5,0
13.57,60,24,20,5,0
13.57,60,26,20,5,0
13.57,60,23,20,5,0
13.58,60,84,20,5,0
13.58,60,83,20,5,0
13.58,60,79,20,5,0
13.59,60,48,20,5,0
13.59,60,34,20,5,0
13.59,60,29,20,5,0
13.6,60,0,20,5,0
13.6,60,0,20,5,0
13.6,60,0,20,5,0
13.61,60,26,20,5,0
13.61,60,27,20,5,0
13.61,60,26,20,5,0
13.62,60,42,20,5,0
13.62,60,45,20,5,0
13.62,60,44,20,5,0
13.63,60,0,20,5,0
13.63,60,0,20,5,0
13.63,60,0,20,5,0
13.64,60,0,20,5,0
13.64,60,2,20,5,0
13.64,60,2,20,5,0
13.65,60,56,20,5,0
13.65,60,59,20,5,0
13.65,60,63,20,5,0
13.66,60,45,20,5,0
13.66,60,39,20,5,0
13.66,60,38,20,5,0
13.67,60,3,20,5,0
13.67,60,1,20,5,0
13.67,60,0,20,5,0
13.68,60,0,20,5,0
13.68,60,1,20,5,0
13.68,60,3,20,5,0
13.69,60,38,20,5,0
13.69,60,48,20,5,0
13.69,60,40,20,5,0
13.7,60,48,20,5,0
13.7,60,50,20,5,0
13.7,60,49,20,5,0
13.71,60,18,20,5,0
13.71,60,14,20,5,0
13.71,60,19,20,5,0
13.72,60,0,20,5,0
13.72,60,1,20,5,0
13.72,60,0,20,5,0
13.73,60,26,20,5,0
13.73,60,17,20,5,0
13.73,60,18,20,5,0
13.74,60,41,20,5,0
13.74,60,44,20,5,0
13.74,60,44,20,5,0
13.74,60,59,20,5,0
13.74,60,43,20,5,0
13.74,60,41,20,5,0
13.75,60,44,20,5,0
13.75,60,41,20,5,0
13.75,60,38,20,5,0
13.76,60,0,20,5,0
13.76,60,0,20,5,0
13.76,60,0,20,5,0
13.77,60,24,20,5,0
13.77,60,23,20,5,0
13.77,60,35,20,5,0
13.79,60,50,20,5,0
13.79,60,51,20,5,0
13.79,60,48,20,5,0
13.8,60,7,20,5,0
13.8,60,10,20,5,0
13.8,60,9,20,5,0
13.81,60,44,20,5,0
13.81,60,38,20,5,0
13.81,60,41,20,5,0
13.82,60,47,20,5,0
13.82,60,46,20,5,0
13.82,60,41,20,5,0
13.83,60,42,20,5,0
13.83,60,42,20,5,0
13.83,60,43,20,5,0
13.84,60,21,20,5,0
13.84,60,21,20,5,0
13.84,60,25,20,5,0
13.85,60,53,20,5,0
13.85,60,50,20,5,0
13.85,60,46,20,5,0
13.86,60,37,20,5,0
13.86,60,40,20,5,0
13.86,60,37,20,5,0
13.87,60,22,20,5,0
13.87,60,41,20,5,0
13.87,60,28,20,5,0
13.9,60,30,20,5,0
13.9,60,30,20,5,0
13.9,60,22,20,5,0
13.91,60,27,20,5,0
13.91,60,34,20,5,0
13.91,60,30,20,5,0
13.97,60,17,20,5,0
13.97,60,15,20,5,0
13.97,60,17,20,5,0
15.09,60,16,20,5,0
15.09,60,10,20,5,0
15.09,60,16,20,5,0
15.1,60,1,20,5,0
15.1,60,0,20,5,0
15.1,60,0,20,5,0
15.12,60,8,20,5,0
15.12,60,14,20,5,0
15.12,60,11,20,5,0
15.13,60,1,20,5,0
15.13,60,1,20,5,0
15.13,60,0,20,5,0
15.14,60,0,20,5,0
15.14,60,2,20,5,0
15.14,60,1,20,5,0
15.15,60,0,20,5,0
15.15,60,0,20,5,0
15.15,60,0,20,5,0
15.16,60,6,20,5,0
15.16,60,8,20,5,0
15.16,60,3,20,5,0
15.17,60,0,20,5,0
15.17,60,0,20,5,0
15.17,60,0,20,5,0
15.18,60,3,20,5,0
15.18,60,2,20,5,0
15.18,60,6,20,5,0
16.01,60,11,20,5,0
16.01,60,18,20,5,0
16.01,60,4,20,5,0
16.02,60,21,20,5,0
16.02,60,12,20,5,0
16.02,60,16,20,5,0
16.03,60,3,20,5,0
16.03,60,2,20,5,0
16.03,60,0,20,5,0
16.04,60,21,20,5,0
16.04,60,18,20,5,0
16.04,60,15,20,5,0
16.05,60,7,20,5,0
16.05,60,11,20,5,0
16.05,60,11,20,5,0
17.21,60,0,20,5,0
17.21,60,0,20,5,0
17.21,60,0,20,5,0
17.29,60,0,20,5,0
17.29,60,1,20,5,0
17.29,60,0,20,5,0
17.3,60,0,20,5,0
17.3,60,0,20,5,0
17.3,60,0,20,5,0
17.31,60,0,20,5,0
17.31,60,0,20,5,0
17.31,60,3,20,5,0
19.01,60,23,20,5,0
19.01,60,25,20,5,0
19.01,60,22,20,5,0
19.02,60,11,20,5,0
19.02,60,9,20,5,0
19.02,60,10,20,5,0
19.03,60,2,20,5,0
19.03,60,0,20,5,0
19.03,60,2,20,5,0
19.04,60,40,20,5,0
19.04,60,34,20,5,0
19.04,60,45,20,5,0
19.05,60,34,20,5,0
19.05,60,29,20,5,0
19.05,60,26,20,5,0
19.06,60,0,20,5,0
19.06,60,0,20,5,0
19.06,60,0,20,5,0
19.08,60,13,20,5,0
19.08,60,11,20,5,0
19.08,60,10,20,5,0
19.1,60,0,20,5,0
19.1,60,0,20,5,0
19.1,60,0,20,5,0
19.12,60,0,20,5,0
19.12,60,2,20,5,0
19.12,60,1,20,5,0
19.13,60,4,20,5,0
19.13,60,6,20,5,0
19.13,60,4,20,5,0
19.14,60,21,20,5,0
19.14,60,25,20,5,0
19.14,60,25,20,5,0
19.15,60,4,20,5,0
19.15,60,2,20,5,0
19.15,60,3,20,5,0
19.16,60,43,20,5,0
19.16,60,46,20,5,0
19.16,60,42,20,5,0
19.21,60,52,20,5,0
19.21,60,43,20,5,0
19.21,60,47,20,5,0
19.22,60,0,20,5,0
19.22,60,0,20,5,0
19.22,60,0,20,5,0
19.24,60,10,20,5,0
19.24,60,24,20,5,0
19.24,60,7,20,5,0
19.27,60,3,20,5,0
19.27,60,0,20,5,0
19.27,60,6,20,5,0
19.28,60,0,20,5,0
19.28,60,0,20,5,0
19.28,60,0,20,5,0
19.31,60,27,20,5,0
19.31,60,25,20,5,0
19.31,60,31,20,5,0
19.33,60,5,20,5,0
19.33,60,5,20,5,0
19.33,60,4,20,5,0
19.34,60,1,20,5,0
13.34,60,5,20,5,0
13.34,60,7,20,5,0
19.35,60,40,20,5,0
19.35,60,38,20,5,0
19.35,60,36,20,5,0
19.36,60,0,20,5,0
19.36,60,0,20,5,0
19.36,60,0,20,5,0
19.37,60,7,20,5,0
19.37,60,1,20,5,0
19.37,60,11,20,5,0
19.38,60,9,20,5,0
19.38,60,6,20,5,0
19.38,60,6,20,5,0
19.39,60,0,20,5,0
19.39,60,0,20,5,0
19.39,60,0,20,5,0
19.4,60,1,20,5,0
19.4,60,0,20,5,0
19.4,60,0,20,5,0
19.42,60,3,20,5,0
19.42,60,0,20,5,0
19.42,60,0,20,5,0
19.46,60,17,20,5,0
19.46,60,20,20,5,0
19.46,60,19,20,5,0
19.47,60,13,20,5,0
19.47,60,9,20,5,0
19.47,60,14,20,5,0
19.48,60,0,20,5,0
19.48,60,0,20,5,0
19.48,60,0,20,5,0
19.49,60,20,20,5,0
19.49,60,18,20,5,0
19.49,60,12,20,5,0
19.5,60,27,20,5,0
19.5,60,20,20,5,0
19.5,60,26,20,5,0
19.51,60,24,20,5,0
19.51,60,14,20,5,0
19.51,60,22,20,5,0
19.52,60,15,20,5,0
19.52,60,11,20,5,0
19.52,60,12,20,5,0
19.53,60,30,20,5,0
19.53,60,25,20,5,0
19.53,60,29,20,5,0
19.54,60,18,20,5,0
19.54,60,18,20,5,0
19.54,60,18,20,5,0
19.58,60,35,20,5,0
19.58,60,26,20,5,0
19.58,60,28,20,5,0
19.59,60,1,20,5,0
19.59,60,1,20,5,0
19.59,60,0,20,5,0
19.6,60,10,20,5,0
19.6,60,9,20,5,0
19.6,60,4,20,5,0
19.62,60,0,20,5,0
19.62,60,0,20,5,0
19.62,60,0,20,5,0
19.63,60,42,20,5,0
19.63,60,37,20,5,0
19.63,60,39,20,5,0
19.64,60,30,20,5,0
19.64,60,33,20,5,0
19.64,60,42,20,5,0
19.65,60,32,20,5,0
19.65,60,25,20,5,0
19.65,60,18,20,5,0
19.67,60,1,20,5,0
19.67,60,1,20,5,0
19.67,60,1,20,5,0
19.68,60,48,20,5,0
19.68,60,43,20,5,0
19.68,60,50,20,5,0
19.69,60,6,20,5,0
19.69,60,9,20,5,0
19.69,60,10,20,5,0
21.01,60,44,20,5,0
21.01,60,38,20,5,0
21.01,60,44,20,5,0
21.09,60,17,20,5,0
21.09,60,21,20,5,0
21.09,60,32,20,5,0
21.1,60,42,20,5,0
21.1,60,36,20,5,0
21.1,60,25,20,5,0
21.11,60,43,20,5,0
21.11,60,46,20,5,0
21.11,60,49,20,5,0
21.13,60,48,20,5,0
21.13,60,47,20,5,0
21.13,60,49,20,5,0
21.14,60,47,20,5,0
21.14,60,45,20,5,0
21.14,60,51,20,5,0
21.16,60,48,20,5,0
21.16,60,48,20,5,0
21.16,60,35,20,5,0
21.17,60,46,20,5,0
21.17,60,47,20,5,0
21.17,60,49,20,5,0
21.18,60,42,20,5,0
21.18,60,37,20,5,0
21.18,60,29,20,5,0
21.19,60,47,20,5,0
21.19,60,39,20,5,0
21.19,60,50,20,5,0
21.2,60,25,20,5,0
21.2,60,17,20,5,0
21.2,60,20,20,5,0
21.21,60,25,20,5,0
21.21,60,30,20,5,0
21.21,60,25,20,5,0
21.22,60,48,20,5,0
21.22,60,51,20,5,0
21.22,60,49,20,5,0
21.23,60,13,20,5,0
21.23,60,8,20,5,0
21.23,60,8,20,5,0
21.24,60,24,20,5,0
21.24,60,13,20,5,0
21.24,60,8,20,5,0
21.25,60,5,20,5,0
21.25,60,5,20,5,0
21.25,60,4,20,5,0
21.26,60,12,20,5,0
21.26,60,11,20,5,0
21.26,60,6,20,5,0
21.27,60,38,20,5,0
21.27,60,39,20,5,0
21.27,60,43,20,5,0
24.09,60,1,20,5,0
24.09,60,1,20,5,0
24.09,60,0,20,5,0
25.17,60,1,20,5,0
25.17,60,1,20,5,0
25.17,60,0,20,5,0
25.2,60,0,20,5,0
25.2,60,0,20,5,0
25.2,60,0,20,5,0
25.22,60,6,20,5,0
25.22,60,5,20,5,0
25.22,60,6,20,5,0
25.23,60,30,20,5,0
25.23,60,25,20,5,0
25.23,60,31,20,5,0
25.24,60,14,20,5,0
25.24,60,18,20,5,0
25.24,60,15,20,5,0
25.26,60,1,20,5,0
25.26,60,1,20,5,0
25.26,60,0,20,5,0
25.27,60,0,20,5,0
25.27,60,0,20,5,0
25.27,60,0,20,5,0
25.28,60,0,20,5,0
25.28,60,0,20,5,0
25.28,60,0,20,5,0
25.29,60,0,20,5,0
25.29,60,0,20,5,0
25.29,60,0,20,5,0
25.3,60,0,20,5,0
25.3,60,0,20,5,0
25.3,60,1,20,5,0
25.31,60,0,20,5,0
25.31,60,0,20,5,0
25.31,60,0,20,5,0
25.32,60,1,20,5,0
25.32,60,0,20,5,0
25.32,60,1,20,5,0
26.01,60,21,20,5,0
26.01,60,31,20,5,0
26.01,60,30,20,5,0
26.02,60,1,20,5,0
26.02,60,4,20,5,0
26.02,60,2,20,5,0
26.03,60,20,20,5,0
26.03,60,20,20,5,0
26.03,60,9,20,5,0
26.06,60,15,20,5,0
26.06,60,23,20,5,0
26.06,60,22,20,5,0
26.07,60,8,20,5,0
26.07,60,13,20,5,0
26.07,60,8,20,5,0
26.08,60,27,20,5,0
26.08,60,20,20,5,0
26.08,60,23,20,5,0
26.09,60,11,20,5,0
26.09,60,11,20,5,0
26.09,60,6,20,5,0
26.1,60,1,20,5,0
26.1,60,5,20,5,0
26.1,60,1,20,5,0
26.11,60,12,20,5,0
26.11,60,16,20,5,0
26.11,60,4,20,5,0
26.12,60,20,20,5,0
26.12,60,28,20,5,0
26.12,60,24,20,5,0
26.13,60,6,20,5,0
26.13,60,3,20,5,0
26.13,60,4,20,5,0
26.14,60,5,20,5,0
26.14,60,7,20,5,0
26.14,60,4,20,5,0
26.15,60,13,20,5,0
26.15,60,7,20,5,0
26.15,60,8,20,5,0
26.16,60,4,20,5,0
26.16,60,9,20,5,0
26.16,60,8,20,5,0
26.17,60,1,20,5,0
26.17,60,1,20,5,0
26.17,60,2,20,5,0
26.18,60,29,20,5,0
26.18,60,31,20,5,0
26.18,60,23,20,5,0
26.19,60,6,20,5,0
26.19,60,10,20,5,0
26.19,60,6,20,5,0
27.12,60,0,20,5,0
27.12,60,0,20,5,0
27.12,60,0,20,5,0
27.28,60,26,20,5,0
27.28,60,30,20,5,0
27.28,60,26,20,5,0
27.29,60,21,20,5,0
27.29,60,22,20,5,0
27.29,60,11,20,5,0
29.35,60,0,20,5,0
29.35,60,0,20,5,0
29.35,60,0,20,5,0
29.36,60,0,20,5,0
29.36,60,0,20,5,0
29.36,60,0,20,5,0
29.37,60,0,20,5,0
29.37,60,0,20,5,0
29.37,60,0,20,5,0
33.01,60,50,20,5,0
33.01,60,50,20,5,0
33.01,60,49,20,5,0
51.02,60,0,20,5,0
51.02,60,0,20,5,0
51.02,60,0,20,5,0
51.03,60,0,20,5,0
51.03,60,0,20,5,0
51.03,60,2,20,5,0
51.04,60,1,20,5,0
51.04,60,0,20,5,0
51.04,60,1,20,5,0
51.08,60,15,20,5,0
51.08,60,12,20,5,0
51.08,60,7,20,5,0
51.09,60,20,20,5,0
51.09,60,14,20,5,0
51.09,60,16,20,5,0
51.17,60,0,20,5,0
51.17,60,7,20,5,0
51.17,60,0,20,5,0
51.18,60,0,20,5,0
51.18,60,2,20,5,0
51.18,60,1,20,5,0
51.19,60,0,20,5,0
51.19,60,0,20,5,0
51.19,60,0,20,5,0
51.21,60,0,20,5,0
51.21,60,0,20,5,0
51.21,60,0,20,5,0
51.23,60,0,20,5,0
51.23,60,1,20,5,0
51.23,60,0,20,5,0
51.25,60,0,20,5,0
51.25,60,3,20,5,0
51.25,60,1,20,5,0
51.26,60,8,20,5,0
51.26,60,5,20,5,0
51.26,60,4,20,5,0
51.27,60,0,20,5,0
51.27,60,0,20,5,0
51.27,60,0,20,5,0
51.29,60,37,20,5,0
51.29,60,29,20,5,0
51.29,60,35,20,5,0
51.32,60,38,20,5,0
51.32,60,36,20,5,0
51.32,60,38,20,5,0
51.33,60,48,20,5,0
51.33,60,46,20,5,0
51.33,60,43,20,5,0
51.35,60,1,20,5,0
51.35,60,4,20,5,0
51.35,60,3,20,5,0
10.69,60,3,20,5,0
10.69,60,0,20,5,0
10.69,60,0,20,5,0
21.12,60,49,20,5,0
21.12,60,36,20,5,0
21.12,60,41,20,5,0
4,60,4,20,5,0
4,60,3,20,5,0
4,60,2,20,5,0
13,60,0,20,5,0
13,60,0,20,5,0
13,60,1,20,5,0
26,60,1,20,5,0
26,60,2,20,5,0
26,60,1,20,5,0
27,60,0,20,5,0
27,60,0,20,5,0
27,60,1,20,5,0
31,60,1,20,5,0
31,60,1,20,5,0
31,60,1,20,5,0
34,60,15,20,5,0
34,60,5,20,5,0
34,60,5,20,5,0
37,60,0,20,5,0
37,60,0,20,5,0
37,60,1,20,5,0
48,60,3,20,5,0
48,60,0,20,5,0
48,60,1,20,5,0
50,60,13,20,5,0
50,60,12,20,5,0
50,60,12,20,5,0
76,60,3,20,5,0
76,60,1,20,5,0
76,60,1,20,5,0
81,60,0,20,5,0
81,60,0,20,5,0
81,60,1,20,5,0
84,60,0,20,5,0
84,60,0,20,5,0
84,60,1,20,5,0
86,60,0,20,5,0
86,60,4,20,5,0
86,60,1,20,5,0
100,60,3,20,5,0
100,60,3,20,5,0
100,60,1,20,5,0
104,60,2,20,5,0
104,60,0,20,5,0
104,60,0,20,5,0
107,60,1,20,5,0
107,60,1,20,5,0
107,60,1,20,5,0
114,60,4,20,5,0
114,60,2,20,5,0
114,60,1,20,5,0
115,60,5,20,5,0
115,60,0,20,5,0
115,60,1,20,5,0
138,60,0,20,5,0
138,60,0,20,5,0
138,60,0,20,5,0
148,60,5,20,5,0
148,60,1,20,5,0
148,60,6,20,5,0
169,60,12,20,5,0
169,60,14,20,5,0
169,60,10,20,5,0
177,60,33,20,5,0
177,60,42,20,5,0
177,60,44,20,5,0
186,60,1,20,5,0
186,60,0,20,5,0
186,60,3,20,5,0
193,60,5,20,5,0
193,60,1,20,5,0
193,60,2,20,5,0
197,60,1,20,5,0
197,60,0,20,5,0
197,60,3,20,5,0
199,60,16,20,5,0
199,60,14,20,5,0
199,60,8,20,5,0
201,60,23,20,5,0
201,60,14,20,5,0
201,60,19,20,5,0
205,60,31,20,5,0
205,60,38,20,5,0
205,60,36,20,5,0
206,60,32,20,5,0
206,60,24,20,5,0
206,60,26,20,5,0
214,60,5,20,5,0
214,60,2,20,5,0
214,60,6,20,5,0
215,60,12,20,5,0
215,60,7,20,5,0
215,60,9,20,5,0
231,60,51,20,5,0
231,60,50,20,5,0
231,60,45,20,5,0
236,60,45,20,5,0
236,60,39,20,5,0
236,60,46,20,5,0
257,60,14,20,5,0
257,60,9,20,5,0
257,60,7,20,5,0
263,60,7,20,5,0
263,60,2,20,5,0
263,60,4,20,5,0
267,60,2,20,5,0
267,60,3,20,5,0
267,60,1,20,5,0
269,60,4,20,5,0
269,60,6,20,5,0
269,60,8,20,5,0
281,60,9,20,5,0
281,60,14,20,5,0
281,60,13,20,5,0
287,60,22,20,5,0
287,60,17,20,5,0
287,60,20,20,5,0
308,60,50,20,5,0
308,60,50,20,5,0
308,60,48,20,5,0
313,60,22,20,5,0
313,60,40,20,5,0
313,60,34,20,5,0
314,60,11,20,5,0
314,60,4,20,5,0
314,60,3,20,5,0
315,60,3,20,5,0
315,60,7,20,5,0
315,60,5,20,5,0
316,60,5,20,5,0
316,60,3,20,5,0
316,60,0,20,5,0
321,60,39,20,5,0
321,60,35,20,5,0
321,60,42,20,5,0
323,60,2,20,5,0
323,60,1,20,5,0
323,60,1,20,5,0
347,60,46,20,5,0
347,60,46,20,5,0
347,60,45,20,5,0
348,60,44,20,5,0
348,60,50,20,5,0
348,60,49,20,5,0
351,60,4,20,5,0
351,60,8,20,5,0
351,60,0,20,5,0
352,60,45,20,5,0
352,60,49,20,5,0
352,60,44,20,5,0
353,60,29,20,5,0
353,60,27,20,5,0
353,60,21,20,5,0
355,60,1,20,5,0
355,60,2,20,5,0
355,60,3,20,5,0
356,60,4,20,5,0
356,60,0,20,5,0
356,60,1,20,5,0
360,60,50,20,5,0
360,60,49,20,5,0
360,60,43,20,5,0
365,60,2,20,5,0
365,60,4,20,5,0
365,60,1,20,5,0
370,60,44,20,5,0
370,60,49,20,5,0
370,60,45,20,5,0
373,60,44,20,5,0
373,60,45,20,5,0
373,60,43,20,5,0
387,60,50,20,5,0
387,60,50,20,5,0
387,60,48,20,5,0
392,60,5,20,5,0
392,60,3,20,5,0
392,60,3,20,5,0
395,60,0,20,5,0
395,60,1,20,5,0
395,60,0,20,5,0
397,60,22,20,5,0
397,60,15,20,5,0
397,60,20,20,5,0
399,60,26,20,5,0
399,60,22,20,5,0
399,60,20,20,5,0
401,60,12,20,5,0
401,60,9,20,5,0
401,60,10,20,5,0
405,60,36,20,5,0
405,60,33,20,5,0
405,60,34,20,5,0
406,60,33,20,5,0
406,60,33,20,5,0
406,60,26,20,5,0
408,60,0,20,5,0
408,60,0,20,5,0
408,60,0,20,5,0
409,60,0,20,5,0
409,60,0,20,5,0
409,60,1,20,5,0
411,60,6,20,5,0
411,60,3,20,5,0
411,60,5,20,5,0
412,60,46,20,5,0
412,60,50,20,5,0
412,60,42,20,5,0
437,60,2,20,5,0
437,60,0,20,5,0
437,60,2,20,5,0
438,60,0,20,5,0
438,60,0,20,5,0
438,60,0,20,5,0
444,60,1,20,5,0
444,60,2,20,5,0
444,60,0,20,5,0
447,60,30,20,5,0
447,60,23,20,5,0
447,60,33,20,5,0
458,60,0,20,5,0
458,60,2,20,5,0
458,60,0,20,5,0
463,60,0,20,5,0
463,60,0,20,5,0
463,60,0,20,5,0
476,60,45,20,5,0
476,60,43,20,5,0
476,60,12,20,5,0
484,60,47,20,5,0
484,60,41,20,5,0
484,60,45,20,5,0
486,60,0,20,5,0
486,60,0,20,5,0
486,60,0,20,5,0
494,60,47,20,5,0
494,60,35,20,5,0
494,60,30,20,5,0
495,60,0,20,5,0
495,60,0,20,5,0
495,60,0,20,5,0
498,60,3,20,5,0
498,60,1,20,5,0
498,60,2,20,5,0
505,60,13,20,5,0
505,60,12,20,5,0
505,60,12,20,5,0
507,60,0,20,5,0
507,60,1,20,5,0
507,60,0,20,5,0
510,60,0,20,5,0
510,60,0,20,5,0
510,60,0,20,5,0
515,60,2,20,5,0
515,60,0,20,5,0
515,60,0,20,5,0
519,60,50,20,5,0
519,60,50,20,5,0
519,60,49,20,5,0
520,60,25,20,5,0
520,60,35,20,5,0
520,60,29,20,5,0
523,60,0,20,5,0
523,60,0,20,5,0
523,60,1,20,5,0
527,60,42,20,5,0
527,60,47,20,5,0
527,60,50,20,5,0
538,60,0,20,5,0
538,60,0,20,5,0
538,60,0,20,5,0
548,60,11,20,5,0
548,60,17,20,5,0
548,60,17,20,5,0
551,60,15,20,5,0
551,60,14,20,5,0
551,60,18,20,5,0
564,60,14,20,5,0
564,60,10,20,5,0
564,60,13,20,5,0
575,60,2,20,5,0
575,60,2,20,5,0
575,60,1,20,5,0
576,60,4,20,5,0
576,60,1,20,5,0
576,60,2,20,5,0
588,60,0,20,5,0
588,60,1,20,5,0
588,60,2,20,5,0
592,60,47,20,5,0
592,60,47,20,5,0
592,60,48,20,5,0
602,60,0,20,5,0
602,60,2,20,5,0
602,60,0,20,5,0
604,60,29,20,5,0
604,60,24,20,5,0
604,60,28,20,5,0
605,60,1,20,5,0
605,60,4,20,5,0
605,60,3,20,5,0
606,60,6,20,5,0
606,60,1,20,5,0
606,60,1,20,5,0
610,60,8,20,5,0
610,60,9,20,5,0
610,60,13,20,5,0
621,60,0,20,5,0
621,60,0,20,5,0
621,60,0,20,5,0
625,60,38,20,5,0
625,60,25,20,5,0
625,60,33,20,5,0
631,60,0,20,5,0
631,60,0,20,5,0
631,60,0,20,5,0
643,60,23,20,5,0
643,60,20,20,5,0
643,60,26,20,5,0
645,60,5,20,5,0
645,60,4,20,5,0
645,60,8,20,5,0
666,60,50,20,5,0
666,60,50,20,5,0
666,60,50,20,5,0
668,60,31,20,5,0
668,60,27,20,5,0
668,60,28,20,5,0
669,60,19,20,5,0
669,60,21,20,5,0
669,60,24,20,5,0
675,60,50,20,5,0
675,60,46,20,5,0
675,60,51,20,5,0
679,60,47,20,5,0
679,60,44,20,5,0
679,60,47,20,5,0
700,60,5,20,5,0
700,60,6,20,5,0
700,60,2,20,5,0
701,60,1,20,5,0
701,60,1,20,5,0
701,60,2,20,5,0
706,60,36,20,5,0
706,60,32,20,5,0
706,60,21,20,5,0
709,60,2,20,5,0
709,60,2,20,5,0
709,60,5,20,5,0
710,60,1,20,5,0
710,60,2,20,5,0
710,60,1,20,5,0
712,60,2,20,5,0
712,60,0,20,5,0
712,60,0,20,5,0
713,60,0,20,5,0
713,60,0,20,5,0
713,60,0,20,5,0
716,60,0,20,5,0
716,60,2,20,5,0
716,60,0,20,5,0
719,60,0,20,5,0
719,60,0,20,5,0
719,60,0,20,5,0
720,60,38,20,5,0
720,60,45,20,5,0
720,60,49,20,5,0
721,60,25,20,5,0
721,60,28,20,5,0
721,60,23,20,5,0
722,60,17,20,5,0
722,60,20,20,5,0
722,60,15,20,5,0
726,60,2,20,5,0
726,60,2,20,5,0
726,60,1,20,5,0
735,60,3,20,5,0
735,60,5,20,5,0
735,60,1,20,5,0
736,60,6,20,5,0
736,60,4,20,5,0
736,60,1,20,5,0
749,60,24,20,5,0
749,60,20,20,5,0
749,60,21,20,5,0
755,60,1,20,5,0
755,60,1,20,5,0
755,60,2,20,5,0
756,60,6,20,5,0
756,60,5,20,5,0
756,60,8,20,5,0
762,60,1,20,5,0
762,60,0,20,5,0
762,60,0,20,5,0
763,60,43,20,5,0
763,60,50,20,5,0
763,60,50,20,5,0
769,60,8,20,5,0
769,60,4,20,5,0
769,60,5,20,5,0
772,60,4,20,5,0
772,60,2,20,5,0
772,60,0,20,5,0
780,60,0,20,5,0
780,60,0,20,5,0
780,60,0,20,5,0
786,60,4,20,5,0
786,60,0,20,5,0
786,60,0,20,5,0
788,60,42,20,5,0
788,60,34,20,5,0
788,60,29,20,5,0
808,60,4,20,5,0
808,60,0,20,5,0
808,60,0,20,5,0
809,60,26,20,5,0
809,60,26,20,5,0
809,60,27,20,5,0
810,60,6,20,5,0
810,60,7,20,5,0
810,60,3,20,5,0
812,60,11,20,5,0
812,60,4,20,5,0
812,60,5,20,5,0
813,60,2,20,5,0
813,60,3,20,5,0
813,60,5,20,5,0
818,60,27,20,5,0
818,60,24,20,5,0
818,60,17,20,5,0
821,60,0,20,5,0
821,60,3,20,5,0
821,60,2,20,5,0
826,60,16,20,5,0
826,60,24,20,5,0
826,60,30,20,5,0
832,60,48,20,5,0
832,60,48,20,5,0
832,60,46,20,5,0
833,60,2,20,5,0
833,60,0,20,5,0
833,60,0,20,5,0
834,60,5,20,5,0
834,60,3,20,5,0
834,60,7,20,5,0
835,60,46,20,5,0
835,60,33,20,5,0
835,60,28,20,5,0
842,60,44,20,5,0
842,60,48,20,5,0
842,60,49,20,5,0
843,60,3,20,5,0
843,60,4,20,5,0
843,60,4,20,5,0
847,60,25,20,5,0
847,60,32,20,5,0
847,60,27,20,5,0
848,60,1,20,5,0
848,60,0,20,5,0
848,60,0,20,5,0
852,60,34,20,5,0
852,60,36,20,5,0
852,60,37,20,5,0
864,60,4,20,5,0
864,60,8,20,5,0
864,60,7,20,5,0
866,60,0,20,5,0
866,60,4,20,5,0
866,60,2,20,5,0
867,60,48,20,5,0
867,60,43,20,5,0
867,60,42,20,5,0
870,60,2,20,5,0
870,60,3,20,5,0
870,60,2,20,5,0
874,60,37,20,5,0
874,60,36,20,5,0
874,60,33,20,5,0
888,60,31,20,5,0
888,60,30,20,5,0
888,60,26,20,5,0
892,60,2,20,5,0
892,60,0,20,5,0
892,60,0,20,5,0
893,60,42,20,5,0
893,60,40,20,5,0
893,60,36,20,5,0
903,60,4,20,5,0
903,60,4,20,5,0
903,60,2,20,5,0
915,60,35,20,5,0
915,60,37,20,5,0
915,60,40,20,5,0
922,60,44,20,5,0
922,60,34,20,5,0
922,60,32,20,5,0
923,60,0,20,5,0
923,60,0,20,5,0
923,60,0,20,5,0
924,60,53,20,5,0
924,60,50,20,5,0
924,60,49,20,5,0
926,60,0,20,5,0
926,60,0,20,5,0
926,60,0,20,5,0
928,60,0,20,5,0
928,60,0,20,5,0
928,60,1,20,5,0
940,60,43,20,5,0
940,60,43,20,5,0
940,60,41,20,5,0
941,60,12,20,5,0
941,60,7,20,5,0
941,60,6,20,5,0
942,60,12,20,5,0
942,60,17,20,5,0
942,60,9,20,5,0
951,60,8,20,5,0
951,60,10,20,5,0
951,60,5,20,5,0
955,60,27,20,5,0
955,60,38,20,5,0
955,60,36,20,5,0
959,60,0,20,5,0
959,60,2,20,5,0
959,60,1,20,5,0
960,60,37,20,5,0
960,60,40,20,5,0
960,60,45,20,5,0
961,60,2,20,5,0
961,60,2,20,5,0
961,60,1,20,5,0
968,60,0,20,5,0
968,60,0,20,5,0
968,60,0,20,5,0
970,60,15,20,5,0
970,60,12,20,5,0
970,60,18,20,5,0
975,60,2,20,5,0
975,60,5,20,5,0
975,60,2,20,5,0
976,60,13,20,5,0
976,60,8,20,5,0
976,60,9,20,5,0
978,60,50,20,5,0
978,60,49,20,5,0
978,60,46,20,5,0
986,60,11,20,5,0
986,60,9,20,5,0
986,60,20,20,5,0
992,60,35,20,5,0
992,60,39,20,5,0
992,60,42,20,5,0
993,60,6,20,5,0
993,60,11,20,5,0
993,60,8,20,5,0
1000,60,10,20,5,0
1000,60,16,20,5,0
1000,60,15,20,5,0
1001,60,39,20,5,0
1001,60,36,20,5,0
1001,60,37,20,5,0
1002,60,38,20,5,0
1002,60,54,20,5,0
1002,60,47,20,5,0
1003,60,18,20,5,0
1003,60,27,20,5,0
1003,60,22,20,5,0
1004,60,20,20,5,0
1004,60,30,20,5,0
1004,60,23,20,5,0
1005,60,29,20,5,0
1005,60,20,20,5,0
1005,60,9,20,5,0
1007,60,11,20,5,0
1007,60,12,20,5,0
1007,60,7,20,5,0
1013,60,3,20,5,0
1013,60,7,20,5,0
1013,60,5,20,5,0
1014,60,6,20,5,0
1014,60,3,20,5,0
1014,60,6,20,5,0
1021,60,24,20,5,0
1021,60,30,20,5,0
1021,60,23,20,5,0
1028,60,0,20,5,0
1028,60,0,20,5,0
1028,60,0,20,5,0
1029,60,0,20,5,0
1029,60,0,20,5,0
1029,60,2,20,5,0
1030,60,43,20,5,0
1030,60,40,20,5,0
1030,60,45,20,5,0
1031,60,47,20,5,0
1031,60,46,20,5,0
1031,60,48,20,5,0
1034,60,27,20,5,0
1034,60,27,20,5,0
1034,60,29,20,5,0
1035,60,2,20,5,0
1035,60,2,20,5,0
1035,60,0,20,5,0
1036,60,5,20,5,0
1036,60,2,20,5,0
1036,60,5,20,5,0
1037,60,2,20,5,0
1037,60,2,20,5,0
1037,60,3,20,5,0
1038,60,50,20,5,0
1038,60,51,20,5,0
1038,60,48,20,5,0
1039,60,52,20,5,0
1039,60,48,20,5,0
1039,60,41,20,5,0
1041,60,14,20,5,0
1041,60,17,20,5,0
1041,60,18,20,5,0
1042,60,3,20,5,0
1042,60,0,20,5,0
1042,60,3,20,5,0
1043,60,1,20,5,0
1043,60,3,20,5,0
1043,60,4,20,5,0
1046,60,7,20,5,0
1046,60,7,20,5,0
1046,60,9,20,5,0
1047,60,12,20,5,0
1047,60,7,20,5,0
1047,60,7,20,5,0
1052,60,3,20,5,0
1052,60,1,20,5,0
1052,60,1,20,5,0
1060,60,0,20,5,0
1060,60,0,20,5,0
1060,60,0,20,5,0
1064,60,3,20,5,0
1064,60,3,20,5,0
1064,60,3,20,5,0
1069,60,9,20,5,0
1069,60,21,20,5,0
1069,60,24,20,5,0
1074,60,45,20,5,0
1074,60,41,20,5,0
1074,60,43,20,5,0
1084,60,44,20,5,0
1084,60,42,20,5,0
1084,60,44,20,5,0
1085,60,0,20,5,0
1085,60,0,20,5,0
1085,60,0,20,5,0
1089,60,50,20,5,0
1089,60,45,20,5,0
1089,60,48,20,5,0
1094,60,26,20,5,0
1094,60,26,20,5,0
1094,60,22,20,5,0
1098,60,41,20,5,0
1098,60,44,20,5,0
1098,60,46,20,5,0
1102,60,0,20,5,0
1102,60,1,20,5,0
1102,60,2,20,5,0
1103,60,6,20,5,0
1103,60,8,20,5,0
1103,60,2,20,5,0
1108,60,49,20,5,0
1108,60,50,20,5,0
1108,60,50,20,5,0
1109,60,4,20,5,0
1109,60,5,20,5,0
1109,60,0,20,5,0
1114,60,2,20,5,0
1114,60,9,20,5,0
1114,60,4,20,5,0
1120,60,45,20,5,0
1120,60,39,20,5,0
1120,60,44,20,5,0
1126,60,13,20,5,0
1126,60,11,20,5,0
1126,60,10,20,5,0
1128,60,2,20,5,0
1128,60,5,20,5,0
1128,60,5,20,5,0
1137,60,47,20,5,0
1137,60,42,20,5,0
1137,60,48,20,5,0
1153,60,0,20,5,0
1153,60,2,20,5,0
1153,60,2,20,5,0
1155,60,4,20,5,0
1155,60,3,20,5,0
1155,60,2,20,5,0
1157,60,8,20,5,0
1157,60,7,20,5,0
1157,60,9,20,5,0
1159,60,0,20,5,0
1159,60,0,20,5,0
1159,60,0,20,5,0
1160,60,0,20,5,0
1160,60,1,20,5,0
1160,60,0,20,5,0
1162,60,6,20,5,0
1162,60,7,20,5,0
1162,60,12,20,5,0
1163,60,10,20,5,0
1163,60,4,20,5,0
1163,60,12,20,5,0
1164,60,43,20,5,0
1164,60,37,20,5,0
1164,60,41,20,5,0
1175,60,48,20,5,0
1175,60,42,20,5,0
1175,60,48,20,5,0
1185,60,3,20,5,0
1185,60,3,20,5,0
1185,60,1,20,5,0
1186,60,37,20,5,0
1186,60,36,20,5,0
1186,60,46,20,5,0
1188,60,20,20,5,0
1188,60,23,20,5,0
1188,60,12,20,5,0
1189,60,45,20,5,0
1189,60,43,20,5,0
1189,60,46,20,5,0
1197,60,49,20,5,0
1197,60,50,20,5,0
1197,60,45,20,5,0
1205,60,47,20,5,0
1205,60,49,20,5,0
1205,60,42,20,5,0
1206,60,2,20,5,0
1206,60,1,20,5,0
1206,60,2,20,5,0
1208,60,27,20,5,0
1208,60,30,20,5,0
1208,60,16,20,5,0
1227,60,0,20,5,0
1227,60,0,20,5,0
1227,60,1,20,5,0
1230,60,16,20,5,0
1230,60,18,20,5,0
1230,60,20,20,5,0
1237,60,19,20,5,0
1237,60,15,20,5,0
1237,60,20,20,5,0
1257,60,33,20,5,0
1257,60,38,20,5,0
1257,60,29,20,5,0
1260,60,35,20,5,0
1260,60,29,20,5,0
1260,60,31,20,5,0
1261,60,1,20,5,0
1261,60,1,20,5,0
1261,60,1,20,5,0
1267,60,31,20,5,0
1267,60,27,20,5,0
1267,60,25,20,5,0
1275,60,24,20,5,0
1275,60,22,20,5,0
1275,60,20,20,5,0
1282,60,27,20,5,0
1282,60,28,20,5,0
1282,60,14,20,5,0
1286,60,47,20,5,0
1286,60,50,20,5,0
1286,60,41,20,5,0
1288,60,34,20,5,0
1288,60,20,20,5,0
1288,60,28,20,5,0
1295,60,5,20,5,0
1295,60,2,20,5,0
1295,60,4,20,5,0
1297,60,12,20,5,0
1297,60,7,20,5,0
1297,60,18,20,5,0
1298,60,19,20,5,0
1298,60,19,20,5,0
1298,60,23,20,5,0
1307,60,35,20,5,0
1307,60,31,20,5,0
1307,60,30,20,5,0
1308,60,0,20,5,0
1308,60,0,20,5,0
1308,60,0,20,5,0
1314,60,48,20,5,0
1314,60,52,20,5,0
1314,60,49,20,5,0
04-004,60,0,20,5,0
04-004,60,1,20,5,0
04-004,60,1,20,5,0
04-008,60,0,20,5,0
04-008,60,0,20,5,0
04-008,60,0,20,5,0
04-011,60,0,20,5,0
04-011,60,0,20,5,0
04-011,60,0,20,5,0
04-013,60,43,20,5,0
04-013,60,46,20,5,0
04-013,60,40,20,5,0
04-026,60,0,20,5,0
04-026,60,0,20,5,0
04-026,60,0,20,5,0
04-027,60,0,20,5,0
04-027,60,0,20,5,0
04-027,60,0,20,5,0
04-028,60,1,20,5,0
04-028,60,3,20,5,0
04-028,60,5,20,5,0
04-030,60,0,20,5,0
04-030,60,0,20,5,0
04-030,60,0,20,5,0
04-031,60,8,20,5,0
04-031,60,9,20,5,0
04-031,60,6,20,5,0
04-034,60,34,20,5,0
04-034,60,26,20,5,0
04-034,60,25,20,5,0
04-037,60,8,20,5,0
04-037,60,6,20,5,0
04-037,60,9,20,5,0
04-045,60,0,20,5,0
04-045,60,0,20,5,0
04-045,60,0,20,5,0
04-048,60,9,20,5,0
04-048,60,4,20,5,0
04-048,60,9,20,5,0
04-050,60,36,20,5,0
04-050,60,42,20,5,0
04-050,60,37,20,5,0
04-051,60,4,20,5,0
04-051,60,6,20,5,0
04-051,60,3,20,5,0
04-075,60,0,20,5,0
04-075,60,0,20,5,0
04-075,60,0,20,5,0
04-076,60,0,20,5,0
04-076,60,0,20,5,0
04-076,60,2,20,5,0
04-081,60,2,20,5,0
04-081,60,3,20,5,0
04-081,60,3,20,5,0
04-084,60,6,20,5,0
04-084,60,1,20,5,0
04-084,60,4,20,5,0
04-086,60,0,20,5,0
04-086,60,0,20,5,0
04-086,60,0,20,5,0
04-089,60,0,20,5,0
04-089,60,0,20,5,0
04-089,60,0,20,5,0
04-100,60,2,20,5,0
04-100,60,0,20,5,0
04-100,60,4,20,5,0
04-104,60,42,20,5,0
04-104,60,45,20,5,0
04-104,60,49,20,5,0
04-107,60,1,20,5,0
04-107,60,3,20,5,0
04-107,60,1,20,5,0
04-115,60,36,20,5,0
04-115,60,35,20,5,0
04-115,60,31,20,5,0
A,60,47,20,5,0
A,60,47,20,5,0
A,60,47,20,5,0
B,60,45,20,5,0
B,60,49,20,5,0
B,60,48,20,5,0
C,60,16,20,5,0
C,60,14,20,5,0
C,60,10,20,5,0
D,60,21,20,5,0
D,60,19,20,5,0
D,60,21,20,5,0
E,60,1,20,5,0
E,60,5,20,5,0
E,60,3,20,5,0
F,60,44,20,5,0
F,60,47,20,5,0
F,60,43,20,5,0
G,60,16,20,5,0
G,60,8,20,5,0
G,60,8,20,5,0
H,60,0,20,5,0
H,60,0,20,5,0
H,60,0,20,5,0
I,60,0,20,5,0
I,60,0,20,5,0
I,60,0,20,5,0
K,60,34,20,5,0
K,60,25,20,5,0
K,60,31,20,5,0
0.01,60,47,25,10,0
0.01,60,53,25,10,0
0.01,60,46,25,10,0
0.02,60,45,25,10,0
0.02,60,35,25,10,0
0.02,60,39,25,10,0
1.01,60,19,25,10,0
1.01,60,15,25,10,0
1.01,60,16,25,10,0
1.02,60,14,25,10,0
1.02,60,18,25,10,0
1.02,60,17,25,10,0
1.03,60,26,25,10,0
1.03,60,23,25,10,0
1.03,60,29,25,10,0
1.04,60,19,25,10,0
1.04,60,22,25,10,0
1.04,60,24,25,10,0
2.01,60,14,25,10,0
2.01,60,19,25,10,0
2.01,60,19,25,10,0
2.02,60,17,25,10,0
2.02,60,11,25,10,0
2.02,60,24,25,10,0
3.02,60,0,25,10,0
3.02,60,2,25,10,0
3.02,60,1,25,10,0
3.03,60,27,25,10,0
3.03,60,32,25,10,0
3.03,60,26,25,10,0
3.04,60,4,25,10,0
3.04,60,6,25,10,0
3.04,60,6,25,10,0
3.05,60,51,25,10,0
3.05,60,47,25,10,0
3.05,60,46,25,10,0
3.06,60,46,25,10,0
3.06,60,44,25,10,0
3.06,60,43,25,10,0
3.08,60,18,25,10,0
3.08,60,17,25,10,0
3.08,60,23,25,10,0
3.09,60,49,25,10,0
3.09,60,60,25,10,0
3.09,60,50,25,10,0
3.1,60,45,25,10,0
3.1,60,46,25,10,0
3.1,60,44,25,10,0
3.11,60,3,25,10,0
3.11,60,5,25,10,0
3.11,60,3,25,10,0
4.03,60,34,25,10,0
4.03,60,42,25,10,0
4.03,60,50,25,10,0
4.06,60,3,25,10,0
4.06,60,2,25,10,0
4.06,60,1,25,10,0
5.01,60,0,25,10,0
5.01,60,0,25,10,0
5.01,60,0,25,10,0
5.05,60,0,25,10,0
5.05,60,0,25,10,0
5.05,60,0,25,10,0
5.06,60,10,25,10,0
5.06,60,9,25,10,0
5.06,60,3,25,10,0
6.01,60,37,25,10,0
6.01,60,39,25,10,0
6.01,60,37,25,10,0
6.02,60,3,25,10,0
6.02,60,1,25,10,0
6.02,60,3,25,10,0
6.03,60,0,25,10,0
6.03,60,0,25,10,0
6.03,60,0,25,10,0
6.05,60,0,25,10,0
6.05,60,0,25,10,0
6.05,60,0,25,10,0
6.06,60,20,25,10,0
6.06,60,8,25,10,0
6.06,60,3,25,10,0
7.01,60,4,25,10,0
7.01,60,1,25,10,0
7.01,60,1,25,10,0
7.02,60,28,25,10,0
7.02,60,24,25,10,0
7.02,60,23,25,10,0
7.04,60,0,25,10,0
7.04,60,0,25,10,0
7.04,60,0,25,10,0
8.02,60,3,25,10,0
8.02,60,2,25,10,0
8.02,60,2,25,10,0
8.04,60,0,25,10,0
8.04,60,0,25,10,0
8.04,60,0,25,10,0
8.06,60,0,25,10,0
8.06,60,0,25,10,0
8.06,60,0,25,10,0
11.01,60,6,25,10,0
11.01,60,5,25,10,0
11.01,60,3,25,10,0
11.02,60,19,25,10,0
11.02,60,7,25,10,0
11.02,60,14,25,10,0
12.01,60,38,25,10,0
12.01,60,42,25,10,0
12.01,60,41,25,10,0
12.02,60,6,25,10,0
12.02,60,6,25,10,0
12.02,60,6,25,10,0
12.03,60,48,25,10,0
12.03,60,39,25,10,0
12.03,60,38,25,10,0
12.04,60,6,25,10,0
12.04,60,12,25,10,0
12.04,60,8,25,10,0
12.05,60,46,25,10,0
12.05,60,49,25,10,0
12.05,60,51,25,10,0
13.03,60,0,25,10,0
13.03,60,0,25,10,0
13.03,60,0,25,10,0
14.01,60,1,25,10,0
14.01,60,1,25,10,0
14.01,60,0,25,10,0
14.02,60,11,25,10,0
14.02,60,15,25,10,0
14.02,60,14,25,10,0
14.03,60,29,25,10,0
14.03,60,28,25,10,0
14.03,60,31,25,10,0
14.04,60,39,25,10,0
14.04,60,41,25,10,0
14.04,60,32,25,10,0
14.05,60,20,25,10,0
14.05,60,12,25,10,0
14.05,60,10,25,10,0
14.06,60,1,25,10,0
14.06,60,1,25,10,0
14.06,60,4,25,10,0
14.07,60,32,25,10,0
14.07,60,27,25,10,0
14.07,60,23,25,10,0
14.08,60,3,25,10,0
14.08,60,2,25,10,0
14.08,60,1,25,10,0
14.09,60,1,25,10,0
14.09,60,3,25,10,0
14.09,60,2,25,10,0
14.1,60,43,25,10,0
14.1,60,46,25,10,0
14.1,60,40,25,10,0
15.01,60,41,25,10,0
15.01,60,38,25,10,0
15.01,60,44,25,10,0
15.02,60,52,25,10,0
15.02,60,50,25,10,0
15.02,60,51,25,10,0
15.03,60,45,25,10,0
15.03,60,46,25,10,0
15.03,60,35,25,10,0
17.01,60,3,25,10,0
17.01,60,1,25,10,0
17.01,60,2,25,10,0
17.02,60,4,25,10,0
17.02,60,7,25,10,0
17.02,60,8,25,10,0
17.03,60,16,25,10,0
17.03,60,11,25,10,0
17.03,60,14,25,10,0
17.04,60,0,25,10,0
17.04,60,0,25,10,0
17.04,60,0,25,10,0
17.05,60,23,25,10,0
17.05,60,22,25,10,0
17.05,60,17,25,10,0
17.06,60,17,25,10,0
17.06,60,16,25,10,0
17.06,60,15,25,10,0
17.07,60,0,25,10,0
17.07,60,0,25,10,0
17.07,60,0,25,10,0
17.08,60,3,25,10,0
17.08,60,1,25,10,0
17.08,60,1,25,10,0
17.09,60,0,25,10,0
17.09,60,1,25,10,0
17.09,60,0,25,10,0
17.1,60,2,25,10,0
17.1,60,2,25,10,0
17.1,60,2,25,10,0
17.11,60,0,25,10,0
17.11,60,0,25,10,0
17.11,60,0,25,10,0
17.12,60,11,25,10,0
17.12,60,14,25,10,0
17.12,60,10,25,10,0
17.13,60,17,25,10,0
17.13,60,19,25,10,0
17.13,60,14,25,10,0
17.14,60,0,25,10,0
17.14,60,0,25,10,0
17.14,60,0,25,10,0
17.15,60,28,25,10,0
17.15,60,31,25,10,0
17.15,60,24,25,10,0
17.17,60,8,25,10,0
17.17,60,11,25,10,0
17.17,60,7,25,10,0
17.18,60,7,25,10,0
17.18,60,10,25,10,0
17.18,60,9,25,10,0
17.19,60,30,25,10,0
17.19,60,32,25,10,0
17.19,60,31,25,10,0
17.2,60,2,25,10,0
17.2,60,2,25,10,0
17.2,60,2,25,10,0
18.01,60,2,25,10,0
18.01,60,2,25,10,0
18.01,60,3,25,10,0
18.02,60,10,25,10,0
18.02,60,13,25,10,0
18.02,60,13,25,10,0
18.03,60,5,25,10,0
18.03,60,6,25,10,0
18.03,60,4,25,10,0
18.04,60,1,25,10,0
18.04,60,2,25,10,0
18.04,60,1,25,10,0
18.06,60,2,25,10,0
18.06,60,1,25,10,0
18.06,60,5,25,10,0
20.01,60,0,25,10,0
20.01,60,0,25,10,0
20.01,60,0,25,10,0
20.03,60,26,25,10,0
20.03,60,31,25,10,0
20.03,60,26,25,10,0
20.04,60,43,25,10,0
20.04,60,43,25,10,0
20.04,60,44,25,10,0
21.02,60,24,25,10,0
21.02,60,20,25,10,0
21.02,60,25,25,10,0
22.01,60,9,25,10,0
22.01,60,12,25,10,0
22.01,60,18,25,10,0
24.01,60,6,25,10,0
24.01,60,6,25,10,0
24.01,60,10,25,10,0
24.02,60,6,25,10,0
24.02,60,10,25,10,0
24.02,60,8,25,10,0
24.03,60,17,25,10,0
24.03,60,13,25,10,0
24.03,60,5,25,10,0
24.04,60,41,25,10,0
24.04,60,41,25,10,0
24.04,60,34,25,10,0
24.05,60,5,25,10,0
24.05,60,6,25,10,0
24.05,60,3,25,10,0
24.06,60,7,25,10,0
24.06,60,10,25,10,0
24.06,60,9,25,10,0
24.07,60,2,25,10,0
24.07,60,0,25,10,0
24.07,60,0,25,10,0
24.18,60,0,25,10,0
24.18,60,0,25,10,0
24.18,60,0,25,10,0
25.01,60,2,25,10,0
25.01,60,5,25,10,0
25.01,60,4,25,10,0
25.02,60,10,25,10,0
25.02,60,16,25,10,0
25.02,60,9,25,10,0
25.03,60,2,25,10,0
25.03,60,2,25,10,0
25.03,60,0,25,10,0
25.05,60,0,25,10,0
25.05,60,0,25,10,0
25.05,60,0,25,10,0
25.07,60,46,25,10,0
25.07,60,38,25,10,0
25.07,60,38,25,10,0
25.08,60,0,25,10,0
25.08,60,0,25,10,0
25.08,60,0,25,10,0
25.09,60,0,25,10,0
25.09,60,0,25,10,0
25.09,60,0,25,10,0
25.1,60,0,25,10,0
25.1,60,0,25,10,0
25.1,60,0,25,10,0
25.11,60,0,25,10,0
25.11,60,0,25,10,0
25.11,60,0,25,10,0
25.12,60,20,25,10,0
25.12,60,19,25,10,0
25.12,60,20,25,10,0
25.13,60,0,25,10,0
25.13,60,0,25,10,0
25.13,60,0,25,10,0
25.14,60,0,25,10,0
25.14,60,0,25,10,0
25.14,60,0,25,10,0
25.15,60,0,25,10,0
25.15,60,2,25,10,0
25.15,60,1,25,10,0
26.04,60,4,25,10,0
26.04,60,7,25,10,0
26.04,60,4,25,10,0
26.05,60,2,25,10,0
26.05,60,6,25,10,0
26.05,60,2,25,10,0
27.01,60,29,25,10,0
27.01,60,34,25,10,0
27.01,60,20,25,10,0
27.02,60,25,25,10,0
27.02,60,35,25,10,0
27.02,60,22,25,10,0
27.03,60,44,25,10,0
27.03,60,43,25,10,0
27.03,60,36,25,10,0
27.04,60,50,25,10,0
27.04,60,50,25,10,0
27.04,60,45,25,10,0
27.05,60,46,25,10,0
27.05,60,41,25,10,0
27.05,60,36,25,10,0
27.06,60,42,25,10,0
27.06,60,49,25,10,0
27.06,60,48,25,10,0
27.08,60,39,25,10,0
27.08,60,54,25,10,0
27.08,60,46,25,10,0
27.09,60,55,25,10,0
27.09,60,59,25,10,0
27.09,60,64,25,10,0
27.1,60,44,25,10,0
27.1,60,45,25,10,0
27.1,60,40,25,10,0
27.11,60,31,25,10,0
27.11,60,20,25,10,0
27.11,60,29,25,10,0
27.12,60,2,25,10,0
27.12,60,11,25,10,0
27.12,60,5,25,10,0
27.13,60,51,25,10,0
27.13,60,50,25,10,0
27.13,60,50,25,10,0
27.14,60,37,25,10,0
27.14,60,49,25,10,0
27.14,60,49,25,10,0
27.15,60,34,25,10,0
27.15,60,27,25,10,0
27.15,60,23,25,10,0
27.16,60,40,25,10,0
27.16,60,41,25,10,0
27.16,60,46,25,10,0
27.17,60,0,25,10,0
27.17,60,0,25,10,0
27.17,60,0,25,10,0
27.18,60,46,25,10,0
27.18,60,40,25,10,0
27.18,60,41,25,10,0
27.19,60,51,25,10,0
27.19,60,50,25,10,0
27.19,60,48,25,10,0
27.2,60,1,25,10,0
27.2,60,0,25,10,0
27.2,60,3,25,10,0
27.22,60,32,25,10,0
27.22,60,40,25,10,0
27.22,60,27,25,10,0
29.01,60,0,25,10,0
29.01,60,0,25,10,0
29.01,60,0,25,10,0
29.02,60,47,25,10,0
29.02,60,47,25,10,0
29.02,60,47,25,10,0
29.03,60,0,25,10,0
29.03,60,1,25,10,0
29.03,60,0,25,10,0
29.04,60,0,25,10,0
29.04,60,1,25,10,0
29.04,60,0,25,10,0
29.05,60,2,25,10,0
29.05,60,1,25,10,0
29.05,60,1,25,10,0
29.06,60,31,25,10,0
29.06,60,34,25,10,0
29.06,60,35,25,10,0
29.07,60,0,25,10,0
29.07,60,0,25,10,0
29.07,60,0,25,10,0
29.08,60,1,25,10,0
29.08,60,5,25,10,0
29.08,60,3,25,10,0
29.09,60,7,25,10,0
29.09,60,10,25,10,0
29.09,60,5,25,10,0
29.1,60,18,25,10,0
29.1,60,17,25,10,0
29.1,60,14,25,10,0
29.11,60,28,25,10,0
29.11,60,35,25,10,0
29.11,60,33,25,10,0
29.12,60,27,25,10,0
29.12,60,44,25,10,0
29.12,60,20,25,10,0
29.13,60,0,25,10,0
29.13,60,1,25,10,0
29.13,60,0,25,10,0
29.14,60,36,25,10,0
29.14,60,27,25,10,0
29.14,60,28,25,10,0
29.15,60,33,25,10,0
29.15,60,29,25,10,0
29.15,60,18,25,10,0
29.16,60,11,25,10,0
29.16,60,13,25,10,0
29.16,60,10,25,10,0
29.17,60,1,25,10,0
29.17,60,0,25,10,0
29.17,60,1,25,10,0
29.18,60,0,25,10,0
29.18,60,0,25,10,0
29.18,60,0,25,10,0
29.19,60,31,25,10,0
29.19,60,36,25,10,0
29.19,60,40,25,10,0
29.2,60,5,25,10,0
29.2,60,10,25,10,0
29.2,60,5,25,10,0
29.21,60,40,25,10,0
29.21,60,47,25,10,0
29.21,60,46,25,10,0
29.22,60,3,25,10,0
29.22,60,6,25,10,0
29.22,60,2,25,10,0
29.23,60,0,25,10,0
29.23,60,0,25,10,0
29.23,60,0,25,10,0
29.24,60,1,25,10,0
29.24,60,0,25,10,0
29.24,60,0,25,10,0
29.25,60,5,25,10,0
29.25,60,8,25,10,0
29.25,60,12,25,10,0
29.26,60,0,25,10,0
29.26,60,0,25,10,0
29.26,60,0,25,10,0
29.27,60,0,25,10,0
29.27,60,0,25,10,0
29.27,60,0,25,10,0
29.28,60,0,25,10,0
29.28,60,1,25,10,0
29.28,60,0,25,10,0
29.29,60,1,25,10,0
29.29,60,5,25,10,0
29.29,60,4,25,10,0
29.31,60,3,25,10,0
29.31,60,4,25,10,0
29.31,60,5,25,10,0
29.32,60,1,25,10,0
29.32,60,3,25,10,0
29.32,60,2,25,10,0
29.33,60,0,25,10,0
29.33,60,0,25,10,0
29.33,60,0,25,10,0
29.34,60,1,25,10,0
29.34,60,1,25,10,0
29.34,60,0,25,10,0
31.01,60,6,25,10,0
31.01,60,4,25,10,0
31.01,60,0,25,10,0
31.02,60,9,25,10,0
31.02,60,7,25,10,0
31.02,60,4,25,10,0
31.04,60,0,25,10,0
31.04,60,0,25,10,0
31.04,60,0,25,10,0
31.05,60,23,25,10,0
31.05,60,15,25,10,0
31.05,60,21,25,10,0
31.06,60,0,25,10,0
31.06,60,0,25,10,0
31.06,60,0,25,10,0
37.01,60,16,25,10,0
37.01,60,15,25,10,0
37.01,60,7,25,10,0
37.02,60,9,25,10,0
37.02,60,12,25,10,0
37.02,60,18,25,10,0
38.01,60,17,25,10,0
38.01,60,6,25,10,0
38.01,60,9,25,10,0
38.02,60,0,25,10,0
38.02,60,1,25,10,0
38.02,60,0,25,10,0
38.03,60,10,25,10,0
38.03,60,1,25,10,0
38.03,60,4,25,10,0
44.01,60,0,25,10,0
44.01,60,0,25,10,0
44.01,60,0,25,10,0
46.01,60,3,25,10,0
46.01,60,3,25,10,0
46.01,60,2,25,10,0
20.02,60,2,25,10,0
20.02,60,3,25,10,0
20.02,60,2,25,10,0
15.22,60,1,25,10,0
15.22,60,0,25,10,0
15.22,60,0,25,10,0
1.05,60,49,25,10,0
1.05,60,53,25,10,0
1.05,60,50,25,10,0
1.07,60,0,25,10,0
1.07,60,0,25,10,0
1.07,60,0,25,10,0
1.08,60,50,25,10,0
1.08,60,44,25,10,0
1.08,60,43,25,10,0
1.09,60,5,25,10,0
1.09,60,2,25,10,0
1.09,60,6,25,10,0
1.1,60,34,25,10,0
1.1,60,36,25,10,0
1.1,60,30,25,10,0
1.12,60,8,25,10,0
1.12,60,7,25,10,0
1.12,60,8,25,10,0
1.13,60,4,25,10,0
1.13,60,1,25,10,0
1.13,60,1,25,10,0
1.14,60,39,25,10,0
1.14,60,47,25,10,0
1.14,60,36,25,10,0
3.14,60,16,25,10,0
3.14,60,21,25,10,0
3.14,60,18,25,10,0
3.15,60,24,25,10,0
3.15,60,24,25,10,0
3.15,60,30,25,10,0
3.16,60,43,25,10,0
3.16,60,44,25,10,0
3.16,60,44,25,10,0
4.01,60,2,25,10,0
4.01,60,0,25,10,0
4.01,60,1,25,10,0
4.02,60,13,25,10,0
4.02,60,18,25,10,0
4.02,60,16,25,10,0
4.04,60,5,25,10,0
4.04,60,8,25,10,0
4.04,60,9,25,10,0
4.05,60,1,25,10,0
4.05,60,0,25,10,0
4.05,60,0,25,10,0
4.07,60,13,25,10,0
4.07,60,29,25,10,0
4.07,60,16,25,10,0
6.07,60,22,25,10,0
6.07,60,23,25,10,0
6.07,60,16,25,10,0
6.08,60,12,25,10,0
6.08,60,4,25,10,0
6.08,60,13,25,10,0
6.09,60,28,25,10,0
6.09,60,20,25,10,0
6.09,60,16,25,10,0
6.1,60,35,25,10,0
6.1,60,33,25,10,0
6.1,60,32,25,10,0
6.11,60,29,25,10,0
6.11,60,31,25,10,0
6.11,60,33,25,10,0
6.12,60,12,25,10,0
6.12,60,14,25,10,0
6.12,60,22,25,10,0
6.13,60,38,25,10,0
6.13,60,32,25,10,0
6.13,60,37,25,10,0
6.14,60,43,25,10,0
6.14,60,39,25,10,0
6.14,60,36,25,10,0
6.15,60,3,25,10,0
6.15,60,3,25,10,0
6.15,60,1,25,10,0
6.16,60,0,25,10,0
6.16,60,1,25,10,0
6.16,60,1,25,10,0
6.18,60,47,25,10,0
6.18,60,36,25,10,0
6.18,60,41,25,10,0
6.19,60,17,25,10,0
6.19,60,14,25,10,0
6.19,60,9,25,10,0
6.2,60,29,25,10,0
6.2,60,26,25,10,0
6.2,60,20,25,10,0
6.21,60,50,25,10,0
6.21,60,47,25,10,0
6.21,60,49,25,10,0
6.22,60,0,25,10,0
6.22,60,1,25,10,0
6.22,60,1,25,10,0
6.23,60,0,25,10,0
6.23,60,0,25,10,0
6.23,60,0,25,10,0
6.24,60,37,25,10,0
6.24,60,32,25,10,0
6.24,60,31,25,10,0
6.25,60,10,25,10,0
6.25,60,5,25,10,0
6.25,60,6,25,10,0
8.01,60,51,25,10,0
8.01,60,53,25,10,0
8.01,60,46,25,10,0
8.05,60,1,25,10,0
8.05,60,0,25,10,0
8.05,60,0,25,10,0
8.06,60,0,25,10,0
8.06,60,0,25,10,0
8.06,60,0,25,10,0
9.01,60,3,25,10,0
9.01,60,5,25,10,0
9.01,60,4,25,10,0
9.02,60,41,25,10,0
9.02,60,50,25,10,0
9.02,60,50,25,10,0
9.05,60,0,25,10,0
9.05,60,1,25,10,0
9.05,60,3,25,10,0
9.06,60,8,25,10,0
9.06,60,9,25,10,0
9.06,60,10,25,10,0
9.09,60,15,25,10,0
9.09,60,11,25,10,0
9.09,60,18,25,10,0
9.11,60,2,25,10,0
9.11,60,2,25,10,0
9.11,60,2,25,10,0
9.12,60,5,25,10,0
9.12,60,7,25,10,0
9.12,60,2,25,10,0
9.13,60,9,25,10,0
9.13,60,5,25,10,0
9.13,60,1,25,10,0
9.15,60,9,25,10,0
9.15,60,5,25,10,0
9.15,60,4,25,10,0
9.17,60,1,25,10,0
9.17,60,1,25,10,0
9.17,60,2,25,10,0
9.18,60,2,25,10,0
9.18,60,0,25,10,0
9.18,60,6,25,10,0
9.22,60,16,25,10,0
9.22,60,15,25,10,0
9.22,60,3,25,10,0
9.24,60,13,25,10,0
9.24,60,10,25,10,0
9.24,60,10,25,10,0
9.25,60,21,25,10,0
9.25,60,20,25,10,0
9.25,60,17,25,10,0
9.28,60,1,25,10,0
9.28,60,0,25,10,0
9.28,60,1,25,10,0
9.29,60,2,25,10,0
9.29,60,1,25,10,0
9.29,60,1,25,10,0
9.3,60,2,25,10,0
9.3,60,2,25,10,0
9.3,60,0,25,10,0
9.31,60,27,25,10,0
9.31,60,24,25,10,0
9.31,60,21,25,10,0
9.32,60,36,25,10,0
9.32,60,34,25,10,0
9.32,60,38,25,10,0
9.35,60,15,25,10,0
9.35,60,19,25,10,0
9.35,60,21,25,10,0
9.36,60,6,25,10,0
9.36,60,2,25,10,0
9.36,60,7,25,10,0
9.37,60,12,25,10,0
9.37,60,7,25,10,0
9.37,60,5,25,10,0
9.4,60,7,25,10,0
9.4,60,9,25,10,0
9.4,60,7,25,10,0
9.43,60,4,25,10,0
9.43,60,1,25,10,0
9.43,60,3,25,10,0
9.46,60,4,25,10,0
9.46,60,6,25,10,0
9.46,60,1,25,10,0
9.47,60,2,25,10,0
9.47,60,1,25,10,0
9.47,60,1,25,10,0
9.48,60,27,25,10,0
9.48,60,24,25,10,0
9.48,60,24,25,10,0
9.49,60,22,25,10,0
9.49,60,29,25,10,0
9.49,60,20,25,10,0
9.51,60,14,25,10,0
9.51,60,15,25,10,0
9.51,60,5,25,10,0
9.52,60,3,25,10,0
9.52,60,4,25,10,0
9.52,60,6,25,10,0
9.53,60,2,25,10,0
9.53,60,3,25,10,0
9.53,60,1,25,10,0
9.55,60,27,25,10,0
9.55,60,24,25,10,0
9.55,60,21,25,10,0
9.58,60,0,25,10,0
9.58,60,0,25,10,0
9.58,60,1,25,10,0
9.59,60,18,25,10,0
9.59,60,21,25,10,0
9.59,60,22,25,10,0
9.6,60,3,25,10,0
9.6,60,1,25,10,0
9.6,60,4,25,10,0
10.01,60,40,25,10,0
10.01,60,44,25,10,0
10.01,60,45,25,10,0
10.02,60,41,25,10,0
10.02,60,43,25,10,0
10.02,60,41,25,10,0
10.04,60,39,25,10,0
10.04,60,53,25,10,0
10.04,60,42,25,10,0
10.07,60,44,25,10,0
10.07,60,35,25,10,0
10.07,60,32,25,10,0
10.08,60,4,25,10,0
10.08,60,2,25,10,0
10.08,60,2,25,10,0
10.16,60,15,25,10,0
10.16,60,10,25,10,0
10.16,60,7,25,10,0
10.22,60,5,25,10,0
10.22,60,3,25,10,0
10.22,60,11,25,10,0
10.27,60,24,25,10,0
10.27,60,25,25,10,0
10.27,60,25,25,10,0
10.29,60,18,25,10,0
10.29,60,13,25,10,0
10.29,60,7,25,10,0
11.03,60,0,25,10,0
11.03,60,1,25,10,0
11.03,60,1,25,10,0
11.04,60,3,25,10,0
11.04,60,0,25,10,0
11.04,60,1,25,10,0
12.06,60,0,25,10,0
12.06,60,1,25,10,0
12.06,60,1,25,10,0
13.02,60,11,25,10,0
13.02,60,5,25,10,0
13.02,60,3,25,10,0
13.03,60,46,25,10,0
13.03,60,50,25,10,0
13.03,60,46,25,10,0
13.06,60,46,25,10,0
13.06,60,43,25,10,0
13.06,60,30,25,10,0
13.08,60,28,25,10,0
13.08,60,25,25,10,0
13.08,60,33,25,10,0
13.09,60,16,25,10,0
13.09,60,19,25,10,0
13.09,60,16,25,10,0
13.1,60,39,25,10,0
13.1,60,47,25,10,0
13.1,60,37,25,10,0
13.13,60,48,25,10,0
13.13,60,50,25,10,0
13.13,60,48,25,10,0
13.15,60,1,25,10,0
13.15,60,4,25,10,0
13.15,60,2,25,10,0
13.16,60,16,25,10,0
13.16,60,16,25,10,0
13.16,60,14,25,10,0
13.17,60,40,25,10,0
13.17,60,45,25,10,0
13.17,60,46,25,10,0
13.18,60,39,25,10,0
13.18,60,33,25,10,0
13.18,60,38,25,10,0
13.19,60,14,25,10,0
13.19,60,1,25,10,0
13.19,60,2,25,10,0
13.2,60,23,25,10,0
13.2,60,25,25,10,0
13.2,60,16,25,10,0
13.21,60,42,25,10,0
13.21,60,35,25,10,0
13.21,60,30,25,10,0
13.23,60,41,25,10,0
13.23,60,26,25,10,0
13.23,60,42,25,10,0
13.24,60,30,25,10,0
13.24,60,22,25,10,0
13.24,60,22,25,10,0
13.25,60,38,25,10,0
13.25,60,45,25,10,0
13.25,60,43,25,10,0
13.27,60,50,25,10,0
13.27,60,44,25,10,0
13.27,60,43,25,10,0
13.28,60,1,25,10,0
13.28,60,0,25,10,0
13.28,60,0,25,10,0
13.29,60,29,25,10,0
13.29,60,27,25,10,0
13.29,60,19,25,10,0
13.31,60,50,25,10,0
13.31,60,49,25,10,0
13.31,60,48,25,10,0
13.32,60,12,25,10,0
13.32,60,18,25,10,0
13.32,60,20,25,10,0
13.33,60,13,25,10,0
13.33,60,14,25,10,0
13.33,60,7,25,10,0
13.34,60,15,25,10,0
13.34,60,12,25,10,0
13.34,60,9,25,10,0
13.36,60,44,25,10,0
13.36,60,31,25,10,0
13.36,60,42,25,10,0
13.37,60,44,25,10,0
13.37,60,45,25,10,0
13.37,60,43,25,10,0
13.38,60,35,25,10,0
13.38,60,40,25,10,0
13.38,60,38,25,10,0
13.39,60,49,25,10,0
13.39,60,48,25,10,0
13.39,60,49,25,10,0
13.41,60,38,25,10,0
13.41,60,33,25,10,0
13.41,60,35,25,10,0
13.44,60,46,25,10,0
13.44,60,47,25,10,0
13.44,60,47,25,10,0
13.45,60,0,25,10,0
13.45,60,3,25,10,0
13.45,60,2,25,10,0
13.46,60,43,25,10,0
13.46,60,47,25,10,0
13.46,60,40,25,10,0
13.47,60,46,25,10,0
13.47,60,38,25,10,0
13.47,60,44,25,10,0
13.48,60,48,25,10,0
13.48,60,46,25,10,0
13.48,60,44,25,10,0
13.5,60,7,25,10,0
13.5,60,7,25,10,0
13.5,60,5,25,10,0
13.51,60,18,25,10,0
13.51,60,22,25,10,0
13.51,60,25,25,10,0
13.52,60,24,25,10,0
13.52,60,31,25,10,0
13.52,60,25,25,10,0
13.54,60,54,25,10,0
13.54,60,37,25,10,0
13.54,60,45,25,10,0
13.55,60,46,25,10,0
13.55,60,47,25,10,0
13.55,60,46,25,10,0
13.56,60,10,25,10,0
13.56,60,11,25,10,0
13.56,60,14,25,10,0
13.57,60,23,25,10,0
13.57,60,27,25,10,0
13.57,60,21,25,10,0
13.58,60,40,25,10,0
13.58,60,43,25,10,0
13.58,60,33,25,10,0
13.59,60,50,25,10,0
13.59,60,40,25,10,0
13.59,60,46,25,10,0
13.61,60,18,25,10,0
13.61,60,17,25,10,0
13.61,60,7,25,10,0
13.62,60,42,25,10,0
13.62,60,43,25,10,0
13.62,60,40,25,10,0
13.63,60,20,25,10,0
13.63,60,16,25,10,0
13.63,60,15,25,10,0
13.64,60,0,25,10,0
13.64,60,0,25,10,0
13.64,60,0,25,10,0
13.66,60,27,25,10,0
13.66,60,17,25,10,0
13.66,60,34,25,10,0
13.67,60,7,25,10,0
13.67,60,7,25,10,0
13.67,60,4,25,10,0
13.68,60,0,25,10,0
13.68,60,0,25,10,0
13.68,60,0,25,10,0
13.69,60,39,25,10,0
13.69,60,42,25,10,0
13.69,60,44,25,10,0
13.7,60,48,25,10,0
13.7,60,46,25,10,0
13.7,60,46,25,10,0
13.71,60,36,25,10,0
13.71,60,30,25,10,0
13.71,60,24,25,10,0
13.72,60,42,25,10,0
13.72,60,43,25,10,0
13.72,60,43,25,10,0
13.74,60,47,25,10,0
13.74,60,50,25,10,0
13.74,60,48,25,10,0
15.05,60,16,25,10,0
15.05,60,13,25,10,0
15.05,60,13,25,10,0
15.07,60,4,25,10,0
15.07,60,2,25,10,0
15.07,60,5,25,10,0
15.08,60,2,25,10,0
15.08,60,4,25,10,0
15.08,60,4,25,10,0
15.09,60,12,25,10,0
15.09,60,16,25,10,0
15.09,60,11,25,10,0
15.1,60,1,25,10,0
15.1,60,0,25,10,0
15.1,60,0,25,10,0
15.12,60,16,25,10,0
15.12,60,16,25,10,0
15.12,60,18,25,10,0
15.13,60,3,25,10,0
15.13,60,2,25,10,0
15.13,60,0,25,10,0
16.01,60,8,25,10,0
16.01,60,2,25,10,0
16.01,60,0,25,10,0
16.02,60,23,25,10,0
16.02,60,22,25,10,0
16.02,60,15,25,10,0
16.03,60,8,25,10,0
16.03,60,9,25,10,0
16.03,60,10,25,10,0
16.04,60,31,25,10,0
16.04,60,28,25,10,0
16.04,60,23,25,10,0
17.21,60,47,25,10,0
17.21,60,47,25,10,0
17.21,60,44,25,10,0
17.22,60,3,25,10,0
17.22,60,3,25,10,0
17.22,60,1,25,10,0
17.23,60,0,25,10,0
17.23,60,0,25,10,0
17.23,60,0,25,10,0
17.24,60,40,25,10,0
17.24,60,25,25,10,0
17.24,60,51,25,10,0
17.25,60,5,25,10,0
17.25,60,2,25,10,0
17.25,60,3,25,10,0
17.26,60,0,25,10,0
17.26,60,0,25,10,0
17.26,60,0,25,10,0
17.27,60,0,25,10,0
17.27,60,1,25,10,0
17.27,60,0,25,10,0
17.28,60,9,25,10,0
17.28,60,4,25,10,0
17.28,60,1,25,10,0
19.01,60,22,25,10,0
19.01,60,21,25,10,0
19.01,60,26,25,10,0
19.02,60,14,25,10,0
19.02,60,9,25,10,0
19.02,60,16,25,10,0
19.03,60,2,25,10,0
19.03,60,1,25,10,0
19.03,60,5,25,10,0
19.04,60,42,25,10,0
19.04,60,43,25,10,0
19.04,60,39,25,10,0
19.05,60,0,25,10,0
19.05,60,0,25,10,0
19.05,60,0,25,10,0
19.06,60,0,25,10,0
19.06,60,0,25,10,0
19.06,60,0,25,10,0
19.1,60,0,25,10,0
19.1,60,2,25,10,0
19.1,60,0,25,10,0
19.12,60,0,25,10,0
19.12,60,0,25,10,0
19.12,60,0,25,10,0
19.13,60,7,25,10,0
19.13,60,9,25,10,0
19.13,60,4,25,10,0
19.14,60,32,25,10,0
19.14,60,23,25,10,0
19.14,60,27,25,10,0
19.21,60,50,25,10,0
19.21,60,49,25,10,0
19.21,60,50,25,10,0
19.22,60,0,25,10,0
19.22,60,0,25,10,0
19.22,60,0,25,10,0
19.27,60,0,25,10,0
19.27,60,0,25,10,0
19.27,60,0,25,10,0
19.28,60,0,25,10,0
19.28,60,0,25,10,0
19.28,60,0,25,10,0
19.31,60,31,25,10,0
19.31,60,28,25,10,0
19.31,60,30,25,10,0
19.35,60,0,25,10,0
19.35,60,1,25,10,0
19.35,60,0,25,10,0
19.36,60,25,25,10,0
19.36,60,23,25,10,0
19.36,60,29,25,10,0
19.37,60,10,25,10,0
19.37,60,12,25,10,0
19.37,60,5,25,10,0
19.38,60,4,25,10,0
19.38,60,6,25,10,0
19.38,60,4,25,10,0
19.4,60,2,25,10,0
19.4,60,1,25,10,0
19.4,60,0,25,10,0
19.42,60,3,25,10,0
19.42,60,5,25,10,0
19.42,60,2,25,10,0
19.46,60,32,25,10,0
19.46,60,24,25,10,0
19.46,60,25,25,10,0
19.47,60,24,25,10,0
19.47,60,24,25,10,0
19.47,60,35,25,10,0
19.48,60,5,25,10,0
19.48,60,4,25,10,0
19.48,60,0,25,10,0
19.49,60,26,25,10,0
19.49,60,38,25,10,0
19.49,60,24,25,10,0
19.5,60,24,25,10,0
19.5,60,30,25,10,0
19.5,60,20,25,10,0
19.53,60,44,25,10,0
19.53,60,48,25,10,0
19.53,60,49,25,10,0
19.55,60,9,25,10,0
19.55,60,8,25,10,0
19.55,60,10,25,10,0
19.56,60,0,25,10,0
19.56,60,0,25,10,0
19.56,60,0,25,10,0
19.57,60,0,25,10,0
19.57,60,1,25,10,0
19.57,60,0,25,10,0
19.58,60,15,25,10,0
19.58,60,12,25,10,0
19.58,60,6,25,10,0
20.05,60,7,25,10,0
20.05,60,9,25,10,0
20.05,60,18,25,10,0
21.01,60,49,25,10,0
21.01,60,50,25,10,0
21.01,60,45,25,10,0
21.03,60,53,25,10,0
21.03,60,62,25,10,0
21.03,60,54,25,10,0
21.04,60,32,25,10,0
21.04,60,33,25,10,0
21.04,60,38,25,10,0
21.05,60,19,25,10,0
21.05,60,12,25,10,0
21.05,60,23,25,10,0
21.06,60,7,25,10,0
21.06,60,9,25,10,0
21.06,60,5,25,10,0
21.07,60,17,25,10,0
21.07,60,15,25,10,0
21.07,60,18,25,10,0
21.08,60,1,25,10,0
21.08,60,1,25,10,0
21.08,60,2,25,10,0
21.09,60,27,25,10,0
21.09,60,24,25,10,0
21.09,60,21,25,10,0
21.1,60,35,25,10,0
21.1,60,43,25,10,0
21.1,60,44,25,10,0
21.11,60,45,25,10,0
21.11,60,47,25,10,0
21.11,60,48,25,10,0
21.14,60,46,25,10,0
21.14,60,52,25,10,0
21.14,60,48,25,10,0
21.23,60,0,25,10,0
21.23,60,0,25,10,0
21.23,60,0,25,10,0
24.09,60,5,25,10,0
24.09,60,3,25,10,0
24.09,60,3,25,10,0
25.17,60,0,25,10,0
25.17,60,0,25,10,0
25.17,60,1,25,10,0
25.18,60,15,25,10,0
25.18,60,14,25,10,0
25.18,60,13,25,10,0
25.19,60,2,25,10,0
25.19,60,1,25,10,0
25.19,60,0,25,10,0
25.2,60,4,25,10,0
25.2,60,0,25,10,0
25.2,60,2,25,10,0
25.21,60,0,25,10,0
25.21,60,0,25,10,0
25.21,60,0,25,10,0
25.22,60,7,25,10,0
25.22,60,7,25,10,0
25.22,60,7,25,10,0
25.23,60,32,25,10,0
25.23,60,43,25,10,0
25.23,60,44,25,10,0
25.24,60,29,25,10,0
25.24,60,35,25,10,0
25.24,60,30,25,10,0
25.26,60,0,25,10,0
25.26,60,1,25,10,0
25.26,60,0,25,10,0
25.27,60,2,25,10,0
25.27,60,0,25,10,0
25.27,60,0,25,10,0
25.28,60,7,25,10,0
25.28,60,11,25,10,0
25.28,60,6,25,10,0
25.29,60,0,25,10,0
25.29,60,0,25,10,0
25.29,60,0,25,10,0
25.3,60,1,25,10,0
25.3,60,1,25,10,0
25.3,60,0,25,10,0
26.01,60,12,25,10,0
26.01,60,33,25,10,0
26.01,60,17,25,10,0
26.03,60,9,25,10,0
26.03,60,15,25,10,0
26.03,60,18,25,10,0
26.06,60,5,25,10,0
26.06,60,9,25,10,0
26.06,60,5,25,10,0
26.07,60,29,25,10,0
26.07,60,24,25,10,0
26.07,60,12,25,10,0
26.08,60,38,25,10,0
26.08,60,34,25,10,0
26.08,60,27,25,10,0
26.09,60,6,25,10,0
26.09,60,5,25,10,0
26.09,60,12,25,10,0
27.12,60,48,25,10,0
27.12,60,37,25,10,0
27.12,60,43,25,10,0
27.23,60,38,25,10,0
27.23,60,38,25,10,0
27.23,60,42,25,10,0
27.24,60,8,25,10,0
27.24,60,5,25,10,0
27.24,60,2,25,10,0
27.25,60,17,25,10,0
27.25,60,9,25,10,0
27.25,60,18,25,10,0
27.26,60,21,25,10,0
27.26,60,26,25,10,0
27.26,60,26,25,10,0
27.27,60,32,25,10,0
27.27,60,38,25,10,0
27.27,60,34,25,10,0
27.28,60,36,25,10,0
27.28,60,40,25,10,0
27.28,60,44,25,10,0
27.29,60,38,25,10,0
27.29,60,39,25,10,0
27.29,60,41,25,10,0
29.35,60,0,25,10,0
29.35,60,0,25,10,0
29.35,60,0,25,10,0
39.01,60,53,25,10,0
39.01,60,49,25,10,0
39.01,60,55,25,10,0
39.03,60,48,25,10,0
39.03,60,36,25,10,0
39.03,60,38,25,10,0
39.04,60,44,25,10,0
39.04,60,47,25,10,0
39.04,60,45,25,10,0
51.02,60,9,25,10,0
51.02,60,24,25,10,0
51.02,60,17,25,10,0
51.03,60,1,25,10,0
51.03,60,0,25,10,0
51.03,60,1,25,10,0
51.04,60,1,25,10,0
51.04,60,0,25,10,0
51.04,60,0,25,10,0
51.08,60,10,25,10,0
51.08,60,8,25,10,0
51.08,60,7,25,10,0
51.09,60,1,25,10,0
51.09,60,2,25,10,0
51.09,60,1,25,10,0
51.13,60,4,25,10,0
51.13,60,1,25,10,0
51.13,60,2,25,10,0
51.14,60,4,25,10,0
51.14,60,4,25,10,0
51.14,60,3,25,10,0
51.16,60,0,25,10,0
51.16,60,0,25,10,0
51.16,60,0,25,10,0
51.17,60,0,25,10,0
51.17,60,3,25,10,0
51.17,60,2,25,10,0
51.18,60,0,25,10,0
51.18,60,1,25,10,0
51.18,60,0,25,10,0
51.19,60,0,25,10,0
51.19,60,0,25,10,0
51.19,60,0,25,10,0
51.21,60,1,25,10,0
51.21,60,0,25,10,0
51.21,60,0,25,10,0
51.23,60,0,25,10,0
51.23,60,0,25,10,0
51.23,60,0,25,10,0
51.25,60,1,25,10,0
51.25,60,0,25,10,0
51.25,60,1,25,10,0
51.26,60,9,25,10,0
51.26,60,9,25,10,0
51.26,60,12,25,10,0
51.27,60,1,25,10,0
51.27,60,2,25,10,0
51.27,60,1,25,10,0
51.28,60,0,25,10,0
51.28,60,0,25,10,0
51.28,60,0,25,10,0
51.29,60,38,25,10,0
51.29,60,40,25,10,0
51.29,60,47,25,10,0
51.32,60,26,25,10,0
51.32,60,21,25,10,0
51.32,60,18,25,10,0
51.33,60,39,25,10,0
51.33,60,43,25,10,0
51.33,60,47,25,10,0
51.34,60,32,25,10,0
51.34,60,27,25,10,0
51.34,60,37,25,10,0
21.13,60,5,25,10,0
21.13,60,3,25,10,0
21.13,60,17,25,10,0
19.15,60,3,25,10,0
19.15,60,3,25,10,0
19.15,60,7,25,10,0
19.34,60,5,25,10,0
19.34,60,5,25,10,0
19.34,60,4,25,10,0
9.5,60,1,25,10,0
9.5,60,3,25,10,0
9.5,60,0,25,10,0
27.21,60,0,25,10,0
27.21,60,1,25,10,0
27.21,60,2,25,10,0
51.22,60,1,25,10,0
51.22,60,0,25,10,0
51.22,60,0,25,10,0
1.15,60,42,25,10,0
1.15,60,46,25,10,0
1.15,60,46,25,10,0
2.04,60,32,25,10,0
2.04,60,26,25,10,0
2.04,60,25,25,10,0
6.26,60,19,25,10,0
6.26,60,25,25,10,0
6.26,60,19,25,10,0
8.07,60,11,25,10,0
8.07,60,11,25,10,0
8.07,60,9,25,10,0
8.08,60,2,25,10,0
8.08,60,1,25,10,0
8.08,60,0,25,10,0
9.03,60,20,25,10,0
9.03,60,16,25,10,0
9.03,60,26,25,10,0
9.04,60,3,25,10,0
9.04,60,5,25,10,0
9.04,60,4,25,10,0
9.2,60,0,25,10,0
9.2,60,0,25,10,0
9.2,60,0,25,10,0
9.23,60,13,25,10,0
9.23,60,6,25,10,0
9.23,60,10,25,10,0
9.27,60,2,25,10,0
9.27,60,6,25,10,0
9.27,60,3,25,10,0
9.33,60,24,25,10,0
9.33,60,20,25,10,0
9.33,60,20,25,10,0
9.56,60,7,25,10,0
9.56,60,3,25,10,0
9.56,60,3,25,10,0
9.61,60,0,25,10,0
9.61,60,1,25,10,0
9.61,60,0,25,10,0
9.64,60,3,25,10,0
9.64,60,5,25,10,0
9.64,60,13,25,10,0
9.65,60,2,25,10,0
9.65,60,3,25,10,0
9.65,60,2,25,10,0
9.66,60,4,25,10,0
9.66,60,14,25,10,0
9.66,60,6,25,10,0
9.67,60,16,25,10,0
9.67,60,30,25,10,0
9.67,60,17,25,10,0
9.68,60,5,25,10,0
9.68,60,7,25,10,0
9.68,60,6,25,10,0
9.69,60,4,25,10,0
9.69,60,1,25,10,0
9.69,60,6,25,10,0
10.04,60,37,25,10,0
10.04,60,44,25,10,0
10.04,60,41,25,10,0
10.05,60,60,25,10,0
10.05,60,47,25,10,0
10.05,60,48,25,10,0
10.06,60,37,25,10,0
10.06,60,42,25,10,0
10.06,60,41,25,10,0
10.09,60,41,25,10,0
10.09,60,31,25,10,0
10.09,60,28,25,10,0
10.1,60,40,25,10,0
10.1,60,52,25,10,0
10.1,60,51,25,10,0
10.11,60,47,25,10,0
10.11,60,50,25,10,0
10.11,60,68,25,10,0
10.13,60,38,25,10,0
10.13,60,37,25,10,0
10.13,60,42,25,10,0
10.14,60,40,25,10,0
10.14,60,48,25,10,0
10.14,60,39,25,10,0
10.15,60,33,25,10,0
10.15,60,47,25,10,0
10.15,60,46,25,10,0
10.19,60,5,25,10,0
10.19,60,5,25,10,0
10.19,60,2,25,10,0
10.2,60,67,25,10,0
10.2,60,64,25,10,0
10.2,60,68,25,10,0
10.21,60,47,25,10,0
10.21,60,44,25,10,0
10.21,60,44,25,10,0
10.23,60,46,25,10,0
10.23,60,44,25,10,0
10.23,60,47,25,10,0
10.24,60,67,25,10,0
10.24,60,75,25,10,0
10.24,60,58,25,10,0
10.26,60,2,25,10,0
10.26,60,4,25,10,0
10.26,60,5,25,10,0
10.28,60,37,25,10,0
10.28,60,32,25,10,0
10.28,60,38,25,10,0
10.3,60,41,25,10,0
10.3,60,48,25,10,0
10.3,60,49,25,10,0
10.31,60,49,25,10,0
10.31,60,53,25,10,0
10.31,60,45,25,10,0
10.32,60,22,25,10,0
10.32,60,19,25,10,0
10.32,60,22,25,10,0
10.33,60,48,25,10,0
10.33,60,42,25,10,0
10.33,60,43,25,10,0
10.34,60,15,25,10,0
10.34,60,7,25,10,0
10.34,60,5,25,10,0
10.35,60,42,25,10,0
10.35,60,34,25,10,0
10.35,60,50,25,10,0
10.36,60,49,25,10,0
10.36,60,49,25,10,0
10.36,60,48,25,10,0
10.37,60,50,25,10,0
10.37,60,47,25,10,0
10.37,60,46,25,10,0
10.38,60,49,25,10,0
10.38,60,40,25,10,0
10.38,60,40,25,10,0
10.39,60,45,25,10,0
10.39,60,47,25,10,0
10.39,60,47,25,10,0
10.4,60,11,25,10,0
10.4,60,12,25,10,0
10.4,60,11,25,10,0
10.41,60,29,25,10,0
10.41,60,33,25,10,0
10.41,60,25,25,10,0
10.42,60,47,25,10,0
10.42,60,49,25,10,0
10.42,60,50,25,10,0
10.43,60,8,25,10,0
10.43,60,17,25,10,0
10.43,60,9,25,10,0
10.44,60,45,25,10,0
10.44,60,48,25,10,0
10.44,60,49,25,10,0
10.45,60,52,25,10,0
10.45,60,50,25,10,0
10.45,60,52,25,10,0
10.46,60,17,25,10,0
10.46,60,20,25,10,0
10.46,60,11,25,10,0
10.47,60,48,25,10,0
10.47,60,45,25,10,0
10.47,60,45,25,10,0
10.48,60,36,25,10,0
10.48,60,40,25,10,0
10.48,60,47,25,10,0
10.49,60,43,25,10,0
10.49,60,48,25,10,0
10.49,60,44,25,10,0
10.5,60,38,25,10,0
10.5,60,39,25,10,0
10.5,60,36,25,10,0
10.51,60,34,25,10,0
10.51,60,34,25,10,0
10.51,60,43,25,10,0
10.52,60,46,25,10,0
10.52,60,47,25,10,0
10.52,60,73,25,10,0
10.53,60,50,25,10,0
10.53,60,50,25,10,0
10.53,60,46,25,10,0
10.55,60,33,25,10,0
10.55,60,25,25,10,0
10.55,60,40,25,10,0
10.56,60,17,25,10,0
10.56,60,7,25,10,0
10.56,60,13,25,10,0
10.57,60,41,25,10,0
10.57,60,45,25,10,0
10.57,60,44,25,10,0
10.58,60,47,25,10,0
10.58,60,45,25,10,0
10.58,60,45,25,10,0
10.59,60,40,25,10,0
10.59,60,41,25,10,0
10.59,60,41,25,10,0
10.6,60,42,25,10,0
10.6,60,49,25,10,0
10.6,60,46,25,10,0
10.61,60,43,25,10,0
10.61,60,47,25,10,0
10.61,60,47,25,10,0
10.62,60,33,25,10,0
10.62,60,33,25,10,0
10.62,60,37,25,10,0
10.65,60,39,25,10,0
10.65,60,45,25,10,0
10.65,60,41,25,10,0
11.05,60,2,25,10,0
11.05,60,0,25,10,0
11.05,60,1,25,10,0
11.06,60,0,25,10,0
11.06,60,1,25,10,0
11.06,60,2,25,10,0
11.07,60,0,25,10,0
11.07,60,0,25,10,0
11.07,60,1,25,10,0
11.08,60,4,25,10,0
11.08,60,2,25,10,0
11.08,60,2,25,10,0
11.09,60,12,25,10,0
11.09,60,2,25,10,0
11.09,60,9,25,10,0
11.1,60,42,25,10,0
11.1,60,43,25,10,0
11.1,60,36,25,10,0
13.07,60,25,25,10,0
13.07,60,22,25,10,0
13.07,60,32,25,10,0
13.11,60,11,25,10,0
13.11,60,8,25,10,0
13.11,60,6,25,10,0
13.12,60,47,25,10,0
13.12,60,43,25,10,0
13.12,60,44,25,10,0
13.35,60,33,25,10,0
13.35,60,47,25,10,0
13.35,60,49,25,10,0
13.43,60,47,25,10,0
13.43,60,61,25,10,0
13.43,60,46,25,10,0
13.49,60,43,25,10,0
13.49,60,49,25,10,0
13.49,60,48,25,10,0
13.53,60,34,25,10,0
13.53,60,44,25,10,0
13.53,60,39,25,10,0
13.6,60,0,25,10,0
13.6,60,0,25,10,0
13.6,60,0,25,10,0
13.65,60,47,25,10,0
13.65,60,45,25,10,0
13.65,60,46,25,10,0
13.73,60,28,25,10,0
13.73,60,36,25,10,0
13.73,60,51,25,10,0
13.74,60,47,25,10,0
13.74,60,45,25,10,0
13.74,60,40,25,10,0
13.75,60,42,25,10,0
13.75,60,32,25,10,0
13.75,60,37,25,10,0
13.76,60,0,25,10,0
13.76,60,0,25,10,0
13.76,60,0,25,10,0
13.77,60,30,25,10,0
13.77,60,36,25,10,0
13.77,60,29,25,10,0
13.79,60,49,25,10,0
13.79,60,48,25,10,0
13.79,60,42,25,10,0
13.8,60,9,25,10,0
13.8,60,10,25,10,0
13.8,60,8,25,10,0
13.81,60,45,25,10,0
13.81,60,46,25,10,0
13.81,60,40,25,10,0
13.82,60,75,25,10,0
13.82,60,78,25,10,0
13.82,60,72,25,10,0
13.83,60,46,25,10,0
13.83,60,48,25,10,0
13.83,60,44,25,10,0
13.84,60,30,25,10,0
13.84,60,32,25,10,0
13.84,60,25,25,10,0
13.85,60,47,25,10,0
13.85,60,49,25,10,0
13.85,60,45,25,10,0
13.86,60,30,25,10,0
13.86,60,33,25,10,0
13.86,60,29,25,10,0
13.87,60,27,25,10,0
13.87,60,23,25,10,0
13.87,60,22,25,10,0
13.9,60,48,25,10,0
13.9,60,43,25,10,0
13.9,60,57,25,10,0
13.91,60,50,25,10,0
13.91,60,46,25,10,0
13.91,60,47,25,10,0
15.15,60,1,25,10,0
15.15,60,0,25,10,0
15.15,60,0,25,10,0
15.16,60,22,25,10,0
15.16,60,26,25,10,0
15.16,60,27,25,10,0
15.17,60,0,25,10,0
15.17,60,0,25,10,0
15.17,60,0,25,10,0
15.18,60,10,25,10,0
15.18,60,7,25,10,0
15.18,60,9,25,10,0
16.05,60,40,25,10,0
16.05,60,30,25,10,0
16.05,60,38,25,10,0
17.29,60,1,25,10,0
17.29,60,2,25,10,0
17.29,60,2,25,10,0
17.3,60,0,25,10,0
17.3,60,0,25,10,0
17.3,60,0,25,10,0
17.31,60,4,25,10,0
17.31,60,2,25,10,0
17.31,60,9,25,10,0
19.08,60,12,25,10,0
19.08,60,10,25,10,0
19.08,60,14,25,10,0
19.16,60,40,25,10,0
19.16,60,42,25,10,0
19.16,60,50,25,10,0
19.24,60,15,25,10,0
19.24,60,11,25,10,0
19.24,60,18,25,10,0
19.33,60,6,25,10,0
19.33,60,0,25,10,0
19.33,60,0,25,10,0
19.39,60,0,25,10,0
19.39,60,0,25,10,0
19.39,60,0,25,10,0
19.51,60,23,25,10,0
19.51,60,23,25,10,0
19.51,60,18,25,10,0
19.52,60,16,25,10,0
19.52,60,14,25,10,0
19.52,60,17,25,10,0
19.54,60,29,25,10,0
19.54,60,26,25,10,0
19.54,60,25,25,10,0
19.59,60,4,25,10,0
19.59,60,2,25,10,0
19.59,60,2,25,10,0
19.6,60,10,25,10,0
19.6,60,7,25,10,0
19.6,60,8,25,10,0
19.62,60,0,25,10,0
19.62,60,1,25,10,0
19.62,60,0,25,10,0
19.63,60,34,25,10,0
19.63,60,30,25,10,0
19.63,60,39,25,10,0
19.64,60,41,25,10,0
19.64,60,36,25,10,0
19.64,60,44,25,10,0
19.65,60,30,25,10,0
19.65,60,24,25,10,0
19.65,60,24,25,10,0
19.67,60,0,25,10,0
19.67,60,1,25,10,0
19.67,60,0,25,10,0
19.68,60,52,25,10,0
19.68,60,47,25,10,0
19.68,60,41,25,10,0
19.69,60,23,25,10,0
19.69,60,22,25,10,0
19.69,60,18,25,10,0
21.16,60,50,25,10,0
21.16,60,50,25,10,0
21.16,60,50,25,10,0
21.17,60,0,25,10,0
21.17,60,0,25,10,0
21.17,60,0,25,10,0
21.18,60,47,25,10,0
21.18,60,42,25,10,0
21.18,60,42,25,10,0
21.19,60,35,25,10,0
21.19,60,33,25,10,0
21.19,60,25,25,10,0
21.2,60,23,25,10,0
21.2,60,27,25,10,0
21.2,60,21,25,10,0
21.21,60,21,25,10,0
21.21,60,27,25,10,0
21.21,60,27,25,10,0
21.22,60,47,25,10,0
21.22,60,41,25,10,0
21.22,60,45,25,10,0
21.23,60,25,25,10,0
21.23,60,23,25,10,0
21.23,60,19,25,10,0
21.24,60,28,25,10,0
21.24,60,41,25,10,0
21.24,60,40,25,10,0
21.25,60,8,25,10,0
21.25,60,13,25,10,0
21.25,60,6,25,10,0
21.26,60,29,25,10,0
21.26,60,18,25,10,0
21.26,60,21,25,10,0
21.27,60,40,25,10,0
21.27,60,29,25,10,0
21.27,60,39,25,10,0
25.31,60,2,25,10,0
25.31,60,1,25,10,0
25.31,60,0,25,10,0
25.32,60,1,25,10,0
25.32,60,0,25,10,0
25.32,60,1,25,10,0
26.1,60,0,25,10,0
26.1,60,1,25,10,0
26.1,60,2,25,10,0
26.11,60,30,25,10,0
26.11,60,39,25,10,0
26.11,60,40,25,10,0
26.12,60,46,25,10,0
26.12,60,48,25,10,0
26.12,60,43,25,10,0
26.13,60,0,25,10,0
26.13,60,1,25,10,0
26.13,60,0,25,10,0
26.14,60,4,25,10,0
26.14,60,2,25,10,0
26.14,60,6,25,10,0
26.15,60,9,25,10,0
26.15,60,9,25,10,0
26.15,60,7,25,10,0
26.16,60,5,25,10,0
26.16,60,6,25,10,0
26.16,60,10,25,10,0
26.17,60,0,25,10,0
26.17,60,0,25,10,0
26.17,60,0,25,10,0
26.18,60,48,25,10,0
26.18,60,46,25,10,0
26.18,60,50,25,10,0
26.19,60,33,25,10,0
26.19,60,33,25,10,0
26.19,60,32,25,10,0
29.36,60,0,25,10,0
29.36,60,0,25,10,0
29.36,60,0,25,10,0
29.37,60,0,25,10,0
29.37,60,0,25,10,0
29.37,60,0,25,10,0
33.01,60,50,25,10,0
33.01,60,51,25,10,0
33.01,60,51,25,10,0
51.35,60,9,25,10,0
51.35,60,10,25,10,0
51.35,60,4,25,10,0
13.13,60,44,25,10,0
13.13,60,46,25,10,0
13.13,60,44,25,10,0
10.25,60,27,25,10,0
10.25,60,27,25,10,0
10.25,60,26,25,10,0
12.21,60,16,25,10,0
12.21,60,12,25,10,0
12.21,60,16,25,10,0
10.17,60,38,25,10,0
10.17,60,43,25,10,0
10.17,60,47,25,10,0
21.12,60,45,25,10,0
21.12,60,47,25,10,0
21.12,60,44,25,10,0
10.77,60,1,25,10,0
10.77,60,4,25,10,0
10.77,60,2,25,10,0
0,60,0,25,10,0
0,60,0,25,10,0
0,60,0,25,10,0
8,60,0,25,10,0
8,60,0,25,10,0
8,60,0,25,10,0
11,60,0,25,10,0
11,60,3,25,10,0
11,60,5,25,10,0
13,60,49,25,10,0
13,60,50,25,10,0
13,60,61,25,10,0
26,60,3,25,10,0
26,60,0,25,10,0
26,60,3,25,10,0
28,60,2,25,10,0
28,60,5,25,10,0
28,60,4,25,10,0
30,60,0,25,10,0
30,60,0,25,10,0
30,60,0,25,10,0
34,60,41,25,10,0
34,60,37,25,10,0
34,60,35,25,10,0
45,60,10,25,10,0
45,60,9,25,10,0
45,60,7,25,10,0
50,60,39,25,10,0
50,60,36,25,10,0
50,60,40,25,10,0
51,60,47,25,10,0
51,60,47,25,10,0
51,60,44,25,10,0
84,60,5,25,10,0
84,60,7,25,10,0
84,60,9,25,10,0
89,60,0,25,10,0
89,60,0,25,10,0
89,60,0,25,10,0
100,60,5,25,10,0
100,60,7,25,10,0
100,60,3,25,10,0
103,60,1,25,10,0
103,60,0,25,10,0
103,60,4,25,10,0
114,60,1,25,10,0
114,60,1,25,10,0
114,60,1,25,10,0
115,60,26,25,10,0
115,60,24,25,10,0
115,60,26,25,10,0
138,60,0,25,10,0
138,60,0,25,10,0
138,60,0,25,10,0
148,60,1,25,10,0
148,60,1,25,10,0
148,60,6,25,10,0
169,60,12,25,10,0
169,60,11,25,10,0
169,60,14,25,10,0
177,60,44,25,10,0
177,60,46,25,10,0
177,60,45,25,10,0
186,60,4,25,10,0
186,60,1,25,10,0
186,60,3,25,10,0
193,60,48,25,10,0
193,60,46,25,10,0
193,60,50,25,10,0
197,60,15,25,10,0
197,60,10,25,10,0
197,60,25,25,10,0
199,60,4,25,10,0
199,60,11,25,10,0
199,60,8,25,10,0
201,60,42,25,10,0
201,60,45,25,10,0
201,60,41,25,10,0
205,60,40,25,10,0
205,60,41,25,10,0
205,60,28,25,10,0
210,60,0,25,10,0
210,60,0,25,10,0
210,60,0,25,10,0
214,60,6,25,10,0
214,60,7,25,10,0
214,60,2,25,10,0
215,60,9,25,10,0
215,60,14,25,10,0
215,60,7,25,10,0
231,60,44,25,10,0
231,60,45,25,10,0
231,60,41,25,10,0
236,60,31,25,10,0
236,60,31,25,10,0
236,60,30,25,10,0
257,60,6,25,10,0
257,60,4,25,10,0
257,60,2,25,10,0
263,60,8,25,10,0
263,60,8,25,10,0
263,60,8,25,10,0
267,60,43,25,10,0
267,60,44,25,10,0
267,60,40,25,10,0
281,60,0,25,10,0
281,60,0,25,10,0
281,60,0,25,10,0
308,60,15,25,10,0
308,60,21,25,10,0
308,60,18,25,10,0
313,60,39,25,10,0
313,60,27,25,10,0
313,60,40,25,10,0
314,60,8,25,10,0
314,60,10,25,10,0
314,60,7,25,10,0
315,60,0,25,10,0
315,60,6,25,10,0
315,60,1,25,10,0
316,60,1,25,10,0
316,60,4,25,10,0
316,60,2,25,10,0
321,60,45,25,10,0
321,60,43,25,10,0
321,60,43,25,10,0
323,60,5,25,10,0
323,60,2,25,10,0
323,60,3,25,10,0
347,60,47,25,10,0
347,60,43,25,10,0
347,60,47,25,10,0
348,60,31,25,10,0
348,60,29,25,10,0
348,60,24,25,10,0
352,60,32,25,10,0
352,60,35,25,10,0
352,60,32,25,10,0
353,60,43,25,10,0
353,60,51,25,10,0
353,60,46,25,10,0
355,60,3,25,10,0
355,60,1,25,10,0
355,60,2,25,10,0
356,60,1,25,10,0
356,60,0,25,10,0
356,60,0,25,10,0
360,60,50,25,10,0
360,60,48,25,10,0
360,60,48,25,10,0
392,60,1,25,10,0
392,60,0,25,10,0
392,60,1,25,10,0
395,60,2,25,10,0
395,60,0,25,10,0
395,60,0,25,10,0
405,60,46,25,10,0
405,60,43,25,10,0
405,60,47,25,10,0
416,60,0,25,10,0
416,60,0,25,10,0
416,60,0,25,10,0
437,60,0,25,10,0
437,60,0,25,10,0
437,60,0,25,10,0
444,60,0,25,10,0
444,60,0,25,10,0
444,60,0,25,10,0
447,60,24,25,10,0
447,60,18,25,10,0
447,60,17,25,10,0
458,60,0,25,10,0
458,60,1,25,10,0
458,60,0,25,10,0
463,60,0,25,10,0
463,60,0,25,10,0
463,60,0,25,10,0
484,60,50,25,10,0
484,60,44,25,10,0
484,60,48,25,10,0
486,60,0,25,10,0
486,60,1,25,10,0
486,60,0,25,10,0
494,60,51,25,10,0
494,60,48,25,10,0
494,60,49,25,10,0
495,60,3,25,10,0
495,60,2,25,10,0
495,60,0,25,10,0
498,60,11,25,10,0
498,60,10,25,10,0
498,60,8,25,10,0
507,60,0,25,10,0
507,60,0,25,10,0
507,60,0,25,10,0
510,60,0,25,10,0
510,60,0,25,10,0
510,60,0,25,10,0
515,60,4,25,10,0
515,60,3,25,10,0
515,60,1,25,10,0
520,60,23,25,10,0
520,60,32,25,10,0
520,60,35,25,10,0
523,60,1,25,10,0
523,60,2,25,10,0
523,60,0,25,10,0
527,60,50,25,10,0
527,60,45,25,10,0
527,60,48,25,10,0
538,60,3,25,10,0
538,60,0,25,10,0
538,60,0,25,10,0
551,60,20,25,10,0
551,60,12,25,10,0
551,60,15,25,10,0
576,60,11,25,10,0
576,60,13,25,10,0
576,60,9,25,10,0
588,60,7,25,10,0
588,60,12,25,10,0
588,60,1,25,10,0
592,60,47,25,10,0
592,60,44,25,10,0
592,60,47,25,10,0
604,60,39,25,10,0
604,60,48,25,10,0
604,60,43,25,10,0
605,60,3,25,10,0
605,60,2,25,10,0
605,60,0,25,10,0
606,60,2,25,10,0
606,60,2,25,10,0
606,60,4,25,10,0
609,60,11,25,10,0
609,60,9,25,10,0
609,60,9,25,10,0
621,60,0,25,10,0
621,60,0,25,10,0
621,60,0,25,10,0
631,60,0,25,10,0
631,60,0,25,10,0
631,60,0,25,10,0
666,60,48,25,10,0
666,60,49,25,10,0
666,60,49,25,10,0
669,60,7,25,10,0
669,60,13,25,10,0
669,60,16,25,10,0
675,60,32,25,10,0
675,60,37,25,10,0
675,60,29,25,10,0
700,60,2,25,10,0
700,60,3,25,10,0
700,60,0,25,10,0
706,60,20,25,10,0
706,60,22,25,10,0
706,60,22,25,10,0
709,60,0,25,10,0
709,60,0,25,10,0
709,60,0,25,10,0
710,60,1,25,10,0
710,60,0,25,10,0
710,60,0,25,10,0
712,60,0,25,10,0
712,60,0,25,10,0
712,60,0,25,10,0
713,60,4,25,10,0
713,60,3,25,10,0
713,60,1,25,10,0
716,60,0,25,10,0
716,60,0,25,10,0
716,60,0,25,10,0
720,60,41,25,10,0
720,60,43,25,10,0
720,60,41,25,10,0
721,60,31,25,10,0
721,60,27,25,10,0
721,60,33,25,10,0
735,60,0,25,10,0
735,60,0,25,10,0
735,60,0,25,10,0
749,60,0,25,10,0
749,60,0,25,10,0
749,60,0,25,10,0
755,60,6,25,10,0
755,60,3,25,10,0
755,60,4,25,10,0
756,60,7,25,10,0
756,60,4,25,10,0
756,60,8,25,10,0
762,60,3,25,10,0
762,60,1,25,10,0
762,60,0,25,10,0
769,60,7,25,10,0
769,60,13,25,10,0
769,60,11,25,10,0
772,60,32,25,10,0
772(?40?),60,32,25,10,0
772,60,24,25,10,0
786,60,3,25,10,0
786,60,1,25,10,0
786,60,3,25,10,0
808,60,0,25,10,0
808,60,2,25,10,0
808,60,0,25,10,0
810,60,0,25,10,0
810,60,2,25,10,0
810,60,8,25,10,0
813,60,0,25,10,0
813,60,1,25,10,0
813,60,1,25,10,0
821,60,2,25,10,0
821,60,6,25,10,0
821,60,5,25,10,0
826,60,31,25,10,0
826,60,30,25,10,0
826,60,31,25,10,0
832,60,40,25,10,0
832,60,45,25,10,0
832,60,46,25,10,0
834,60,5,25,10,0
834,60,9,25,10,0
834,60,12,25,10,0
843,60,0,25,10,0
843,60,0,25,10,0
843,60,4,25,10,0
847,60,37,25,10,0
847,60,35,25,10,0
847,60,38,25,10,0
848,60,0,25,10,0
848,60,0,25,10,0
848,60,0,25,10,0
852,60,48,25,10,0
852,60,46,25,10,0
852,60,42,25,10,0
866,60,8,25,10,0
866,60,3,25,10,0
866,60,2,25,10,0
870,60,3,25,10,0
870,60,2,25,10,0
870,60,0,25,10,0
874,60,25,25,10,0
874,60,26,25,10,0
874,60,24,25,10,0
893,60,46,25,10,0
893,60,44,25,10,0
893,60,43,25,10,0
906,60,4,25,10,0
906,60,2,25,10,0
906,60,9,25,10,0
909,60,0,25,10,0
909,60,0,25,10,0
909,60,1,25,10,0
915,60,40,25,10,0
915,60,33,25,10,0
915,60,38,25,10,0
922,60,39,25,10,0
922,60,44,25,10,0
922,60,48,25,10,0
923,60,0,25,10,0
923,60,0,25,10,0
923,60,0,25,10,0
924,60,37,25,10,0
924,60,25,25,10,0
924,60,38,25,10,0
926,60,1,25,10,0
926,60,0,25,10,0
926,60,0,25,10,0
928,60,2,25,10,0
928,60,0,25,10,0
928,60,0,25,10,0
935,60,2,25,10,0
935,60,0,25,10,0
935,60,1,25,10,0
940,60,40,25,10,0
940,60,48,25,10,0
940,60,47,25,10,0
941,60,23,25,10,0
941,60,15,25,10,0
941,60,15,25,10,0
942,60,13,25,10,0
942,60,14,25,10,0
942,60,15,25,10,0
955,60,39,25,10,0
955,60,33,25,10,0
955,60,35,25,10,0
960,60,29,25,10,0
960,60,33,25,10,0
960,60,22,25,10,0
968,60,0,25,10,0
968,60,0,25,10,0
968,60,0,25,10,0
970,60,0,25,10,0
970,60,0,25,10,0
970,60,0,25,10,0
975,60,0,25,10,0
975,60,0,25,10,0
975,60,0,25,10,0
976,60,23,25,10,0
976,60,23,25,10,0
976,60,23,25,10,0
992,60,39,25,10,0
992,60,44,25,10,0
992,60,38,25,10,0
993,60,41,25,10,0
993,60,44,25,10,0
993,60,43,25,10,0
1001,60,36,25,10,0
1001,60,33,25,10,0
1001,60,38,25,10,0
1002,60,50,25,10,0
1002,60,51,25,10,0
1002,60,46,25,10,0
1003,60,33,25,10,0
1003,60,27,25,10,0
1003,60,24,25,10,0
1005,60,25,25,10,0
1005,60,25,25,10,0
1005,60,14,25,10,0
1013,60,19,25,10,0
1013,60,8,25,10,0
1013,60,15,25,10,0
1021,60,18,25,10,0
1021,60,13,25,10,0
1021,60,17,25,10,0
1029,60,0,25,10,0
1029,60,0,25,10,0
1029,60,3,25,10,0
1030,60,29,25,10,0
1030,60,35,25,10,0
1030,60,42,25,10,0
1034,60,23,25,10,0
1034,60,27,25,10,0
1034,60,31,25,10,0
1035,60,8,25,10,0
1035,60,7,25,10,0
1035,60,4,25,10,0
1036,60,3,25,10,0
1036,60,2,25,10,0
1036,60,3,25,10,0
1038,60,49,25,10,0
1038,60,51,25,10,0
1038,60,48,25,10,0
1039,60,48,25,10,0
1039,60,48,25,10,0
1039,60,47,25,10,0
1041,60,18,25,10,0
1041,60,8,25,10,0
1041,60,15,25,10,0
1042,60,20,25,10,0
1042,60,7,25,10,0
1042,60,13,25,10,0
1043,60,4,25,10,0
1043,60,6,25,10,0
1043,60,11,25,10,0
1046,60,10,25,10,0
1046,60,8,25,10,0
1046,60,7,25,10,0
1047,60,10,25,10,0
1047,60,0,25,10,0
1047,60,3,25,10,0
1052,60,2,25,10,0
1052,60,0,25,10,0
1052,60,1,25,10,0
1060,60,12,25,10,0
1060,60,6,25,10,0
1060,60,10,25,10,0
1064,60,11,25,10,0
1064,60,7,25,10,0
1064,60,5,25,10,0
1069,60,12,25,10,0
1069,60,2,25,10,0
1069,60,4,25,10,0
1074,60,17,25,10,0
1074,60,19,25,10,0
1074,60,16,25,10,0
1085,60,0,25,10,0
1085,60,0,25,10,0
1085,60,0,25,10,0
1094,60,13,25,10,0
1094,60,8,25,10,0
1094,60,7,25,10,0
1098,60,48,25,10,0
1098,60,42,25,10,0
1098,60,40,25,10,0
1102,60,1,25,10,0
1102,60,0,25,10,0
1102,60,1,25,10,0
1103,60,0,25,10,0
1103,60,0,25,10,0
1103,60,0,25,10,0
1109,60,4,25,10,0
1109,60,3,25,10,0
1109,60,6,25,10,0
1114,60,4,25,10,0
1114,60,8,25,10,0
1114,60,1,25,10,0
1120,60,39,25,10,0
1120,60,44,25,10,0
1120,60,39,25,10,0
1126,60,10,25,10,0
1126,60,10,25,10,0
1126,60,15,25,10,0
1137,60,39,25,10,0
1137,60,38,25,10,0
1137,60,39,25,10,0
1153,60,0,25,10,0
1153,60,0,25,10,0
1153,60,0,25,10,0
1157,60,4,25,10,0
1157,60,4,25,10,0
1157,60,5,25,10,0
1159,60,0,25,10,0
1159,60,0,25,10,0
1159,60,0,25,10,0
1163,60,28,25,10,0
1163,60,28,25,10,0
1163,60,26,25,10,0
1164,60,28,25,10,0
1164,60,24,25,10,0
1164,60,31,25,10,0
1175,60,51,25,10,0
1175,60,51,25,10,0
1175,60,51,25,10,0
1185,60,45,25,10,0
1185,60,45,25,10,0
1185,60,48,25,10,0
1188,60,25,25,10,0
1188,60,16,25,10,0
1188,60,19,25,10,0
1189,60,45,25,10,0
1189,60,48,25,10,0
1189,60,49,25,10,0
1205,60,49,25,10,0
1205,60,50,25,10,0
1205,60,50,25,10,0
1206,60,2,25,10,0
1206,60,1,25,10,0
1206,60,1,25,10,0
1208,60,29,25,10,0
1208,60,35,25,10,0
1208,60,38,25,10,0
1230,60,8,25,10,0
1230,60,9,25,10,0
1230,60,10,25,10,0
1257,60,31,25,10,0
1257,60,24,25,10,0
1257,60,26,25,10,0
1260,60,40,25,10,0
1260,60,43,25,10,0
1260,60,33,25,10,0
1261,60,3,25,10,0
1261,60,2,25,10,0
1261,60,0,25,10,0
1267,60,42,25,10,0
1267,60,32,25,10,0
1267,60,38,25,10,0
1269,60,4,25,10,0
1269,60,4,25,10,0
1269,60,6,25,10,0
1275,60,46,25,10,0
1275,60,40,25,10,0
1275,60,35,25,10,0
1282,60,39,25,10,0
1282,60,41,25,10,0
1282,60,44,25,10,0
1286,60,29,25,10,0
1286,60,35,25,10,0
1286,60,38,25,10,0
1297,60,19,25,10,0
1297,60,6,25,10,0
1297,60,6,25,10,0
1307,60,11,25,10,0
1307,60,13,25,10,0
1307,60,9,25,10,0
1314,60,50,25,10,0
1314,60,51,25,10,0
1314,60,50,25,10,0
A,60,51,25,10,0
A,60,51,25,10,0
A,60,49,25,10,0
B,60,30,25,10,0
B,60,24,25,10,0
B,60,22,25,10,0
C,60,18,25,10,0
C,60,18,25,10,0
C,60,27,25,10,0
E,60,2,25,10,0
E,60,6,25,10,0
E,60,4,25,10,0
F ,60,48,25,10,0
F ,60,45,25,10,0
F ,60,48,25,10,0
G,60,20,25,10,0
G,60,11,25,10,0
G,60,14,25,10,0
J,60,1,25,10,0
J,60,0,25,10,0
J,60,0,25,10,0
K,60,43,25,10,0
K,60,38,25,10,0
K,60,40,25,10,0
4,60,2,25,10,0
4,60,2,25,10,0
4,60,1,25,10,0
27,60,0,25,10,0
27,60,0,25,10,0
27,60,0,25,10,0
31,60,8,25,10,0
31,60,5,25,10,0
31,60,4,25,10,0
37,60,32,25,10,0
37,60,42,25,10,0
37,60,38,25,10,0
48,60,19,25,10,0
48,60,13,25,10,0
48,60,13,25,10,0
75,60,0,25,10,0
75,60,0,25,10,0
75,60,0,25,10,0
76,60,14,25,10,0
76,60,9,25,10,0
76,60,10,25,10,0
81,60,38,25,10,0
81,60,44,25,10,0
81,60,38,25,10,0
86,60,3,25,10,0
86,60,0,25,10,0
86,60,3,25,10,0
98,60,0,25,10,0
98,60,2,25,10,0
98,60,3,25,10,0
104,60,47,25,10,0
104,60,48,25,10,0
104,60,49,25,10,0
107,60,1,25,10,0
107,60,6,25,10,0
107,60,1,25,10,0
160,60,1,25,10,0
160,60,0,25,10,0
160,60,3,25,10,0
206,60,27,25,10,0
206,60,32,25,10,0
206,60,33,25,10,0
287,60,30,25,10,0
287,60,39,25,10,0
287,60,36,25,10,0
297,60,0,25,10,0
297,60,3,25,10,0
297,60,1,25,10,0
351,60,1,25,10,0
351,60,2,25,10,0
351,60,1,25,10,0
365,60,2,25,10,0
365,60,2,25,10,0
365,60,3,25,10,0
369,60,50,25,10,0
369,60,50,25,10,0
369,60,51,25,10,0
370,60,48,25,10,0
370,60,46,25,10,0
370,60,48,25,10,0
373,60,45,25,10,0
373,60,39,25,10,0
373,60,49,25,10,0
397,60,47,25,10,0
397,60,42,25,10,0
397,60,45,25,10,0
399,60,50,25,10,0
399,60,50,25,10,0
399,60,50,25,10,0
401,60,10,25,10,0
401,60,12,25,10,0
401,60,14,25,10,0
406,60,13,25,10,0
406,60,6,25,10,0
406,60,8,25,10,0
408,60,0,25,10,0
408,60,0,25,10,0
408,60,0,25,10,0
408,60,0,25,10,0
408,60,0,25,10,0
408,60,0,25,10,0
409,60,0,25,10,0
409,60,0,25,10,0
409,60,0,25,10,0
411,60,6,25,10,0
411,60,5,25,10,0
411,60,5,25,10,0
412,60,53,25,10,0
412,60,47,25,10,0
412,60,49,25,10,0
438,60,0,25,10,0
438,60,0,25,10,0
438,60,0,25,10,0
505,60,0,25,10,0
505,60,0,25,10,0
505,60,0,25,10,0
519,60,49,25,10,0
519,60,45,25,10,0
519,60,45,25,10,0
548,60,25,25,10,0
548,60,32,25,10,0
548,60,19,25,10,0
564,60,19,25,10,0
564,60,14,25,10,0
564,60,19,25,10,0
575,60,0,25,10,0
575,60,1,25,10,0
575,60,1,25,10,0
625,60,27,25,10,0
625,60,39,25,10,0
625,60,24,25,10,0
640,60,0,25,10,0
640,60,0,25,10,0
640,60,1,25,10,0
643,60,25,25,10,0
643,60,24,25,10,0
643,60,14,25,10,0
645,60,1,25,10,0
645,60,3,25,10,0
645,60,4,25,10,0
668,60,32,25,10,0
668,60,29,25,10,0
668,60,20,25,10,0
679,60,47,25,10,0
679,60,43,25,10,0
679,60,46,25,10,0
701,60,5,25,10,0
701,60,7,25,10,0
701,60,8,25,10,0
722,60,16,25,10,0
722,60,15,25,10,0
722,60,13,25,10,0
726,60,1,25,10,0
726,60,1,25,10,0
726,60,5,25,10,0
736,60,2,25,10,0
736,60,0,25,10,0
736,60,1,25,10,0
763,60,45,25,10,0
763,60,44,25,10,0
763,60,48,25,10,0
780,60,0,25,10,0
780,60,0,25,10,0
780,60,0,25,10,0
788,60,31,25,10,0
788,60,38,25,10,0
788,60,36,25,10,0
809,60,23,25,10,0
809,60,21,25,10,0
809,60,11,25,10,0
812,60,6,25,10,0
812,60,13,25,10,0
812,60,14,25,10,0
818,60,40,25,10,0
818,60,34,25,10,0
818,60,37,25,10,0
833,60,7,25,10,0
833,60,6,25,10,0
833,60,7,25,10,0
835,60,49,25,10,0
835,60,49,25,10,0
835,60,50,25,10,0
842,60,50,25,10,0
842,60,52,25,10,0
842,60,51,25,10,0
864,60,7,25,10,0
864,60,3,25,10,0
864,60,2,25,10,0
867,60,51,25,10,0
867,60,46,25,10,0
867,60,49,25,10,0
888,60,45,25,10,0
888,60,49,25,10,0
888,60,43,25,10,0
892,60,2,25,10,0
892,60,3,25,10,0
892,60,0,25,10,0
903,60,1,25,10,0
903,60,5,25,10,0
903,60,1,25,10,0
958,60,0,25,10,0
958,60,1,25,10,0
958,60,0,25,10,0
959,60,1,25,10,0
959,60,3,25,10,0
959,60,0,25,10,0
961,60,3,25,10,0
961,60,4,25,10,0
961,60,7,25,10,0
978,60,47,25,10,0
978,60,44,25,10,0
978,60,49,25,10,0
986,60,40,25,10,0
986,60,35,25,10,0
986,60,35,25,10,0
1000,60,6,25,10,0
1000,60,9,25,10,0
1000,60,11,25,10,0
1004,60,43,25,10,0
1004,60,43,25,10,0
1004,60,45,25,10,0
1007,60,15,25,10,0
1007,60,15,25,10,0
1007,60,10,25,10,0
1014,60,4,25,10,0
1014,60,6,25,10,0
1014,60,7,25,10,0
1019,60,0,25,10,0
1019,60,0,25,10,0
1019,60,0,25,10,0
1028,60,0,25,10,0
1028,60,0,25,10,0
1028,60,0,25,10,0
1031,60,44,25,10,0
1031,60,43,25,10,0
1031,60,37,25,10,0
1084,60,42,25,10,0
1084,60,43,25,10,0
1084,60,35,25,10,0
1089,60,45,25,10,0
1089,60,44,25,10,0
1089,60,46,25,10,0
1108,60,49,25,10,0
1108,60,47,25,10,0
1108,60,46,25,10,0
1128,60,3,25,10,0
1128,60,3,25,10,0
1128,60,0,25,10,0
1155,60,1,25,10,0
1155,60,4,25,10,0
1155,60,2,25,10,0
1160,60,0,25,10,0
1160,60,0,25,10,0
1160,60,1,25,10,0
1162,60,7,25,10,0
1162,60,7,25,10,0
1162,60,4,25,10,0
1186,60,46,25,10,0
1186,60,50,25,10,0
1186,60,48,25,10,0
1197,60,47,25,10,0
1197,60,45,25,10,0
1197,60,48,25,10,0
1227,60,1,25,10,0
1227,60,0,25,10,0
1227,60,1,25,10,0
1237,60,1,25,10,0
1237,60,3,25,10,0
1237,60,3,25,10,0
1287,60,0,25,10,0
1287,60,0,25,10,0
1287,60,1,25,10,0
1288,60,42,25,10,0
1288,60,45,25,10,0
1288,60,41,25,10,0
1295,60,8,25,10,0
1295,60,9,25,10,0
1295,60,7,25,10,0
1298,60,12,25,10,0
1298,60,11,25,10,0
1298,60,9,25,10,0
1308,60,3,25,10,0
1308,60,0,25,10,0
1308,60,1,25,10,0
D,60,24,25,10,0
D,60,14,25,10,0
D,60,24,25,10,0
H,60,10,25,10,0
H,60,9,25,10,0
H,60,15,25,10,0
